Product_ID,SKU,Product_Name,Brand,Supplier_ID,Category,Subcategory,Price_Segment,Unit_Cost,Unit_Price,Base_Margin_Rate,Launch_Date,Product_Status
100001,NVX-100001,Comfort Steel Wall Light,Forma Casa,2291,Bedroom,Nightstand,Entry,119.16,198.27,0.399,2023-06-20,Active
100002,NVX-100002,Classic Rattan BBQ,Forma Casa,2377,Living Room,TV Unit,Entry,370.92,583.82,0.3647,2024-06-13,Active
100003,NVX-100003,Contemporary Rattan BBQ,Atelier Home,2206,Kitchen,Dining Table,Premium,30.73,54.99,0.4412,2022-11-21,Active
100004,NVX-100004,Comfort Oak Bookcase,UrbanNest,2332,Kitchen,Kitchen Cabinet,Mid-Range,45.09,97.92,0.5395,2023-03-23,Active
100005,NVX-100005,Natural Rattan Sideboard,Forma Casa,2373,Bathroom,Mirror,Entry,40.15,74.32,0.4598,2025-05-14,Active
100006,NVX-100006,Comfort Bamboo Desk,Nordic Living,2216,Bedroom,Wardrobe,Premium,235.64,426.59,0.4476,2026-11-08,Active
100007,NVX-100007,Comfort Fabric Shelf,Oak & Stone,2249,Lighting,Pendant Light,Entry,40.6,74.35,0.4539,2020-06-23,Active
100008,NVX-100008,Nordic Fabric Chest of Drawers,Green Habitat,2361,Garden,BBQ,Premium,43.5,72.96,0.4038,2022-08-12,Active
100009,NVX-100009,Vintage Velvet Desk Lamp,Novexa Essentials,2119,Kitchen,Kitchen Island,Mid-Range,36.65,73.83,0.5036,2022-08-12,Active
100010,NVX-100010,Signature Pine Shelf,Nordic Living,2120,Home Office,Desk,Mid-Range,36.49,63.24,0.423,2021-10-02,Active
100011,NVX-100011,Natural Steel Floor Lamp,Nordic Living,2383,Lighting,Floor Lamp,Premium,99.84,233.16,0.5718,2021-01-19,Active
100012,NVX-100012,Comfort Marble BBQ,Novexa Essentials,2128,Living Room,Sofa,Entry,675.0,1170.46,0.4233,2021-09-27,Active
100013,NVX-100013,Comfort Bamboo Drawer,UrbanNest,2196,Garden,Garden Storage,Premium,63.52,137.24,0.5372,2024-10-16,Active
100014,NVX-100014,Urban Rattan Bookcase,Novexa Essentials,2136,Bedroom,Bed,Premium,310.67,500.83,0.3797,2023-02-25,Active
100015,NVX-100015,Signature Ceramic Lamp,Novexa Essentials,2099,Bathroom,Vanity Unit,Premium,34.39,75.1,0.5421,2025-01-26,Active
100016,NVX-100016,Essential Marble Basket,Nordic Living,2212,Bathroom,Mirror,Premium,36.94,65.64,0.4372,2024-06-03,Active
100017,NVX-100017,Modern Oak Bookcase,Forma Casa,2044,Decoration,Vase,Entry,34.67,61.48,0.4361,2025-12-09,Active
100018,NVX-100018,Elegant Metal Sofa,Forma Casa,2174,Living Room,Rug,Premium,363.69,578.74,0.3716,2025-07-16,Active
100019,NVX-100019,Natural Metal Nightstand,Linea Design,2391,Bedroom,Wardrobe,Premium,470.29,799.4,0.4117,2026-12-28,Active
100020,NVX-100020,Compact Bamboo Office Desk,Linea Design,2146,Storage,Metal Rack,Entry,124.05,251.59,0.5069,2021-06-19,Active
100021,NVX-100021,Smart Marble Desk,Atelier Home,2213,Lighting,Desk Lamp,Entry,63.88,129.21,0.5056,2022-07-24,Active
100022,NVX-100022,Essential Marble Storage Cabinet,Forma Casa,2144,Living Room,Sideboard,Entry,502.99,796.6,0.3686,2021-04-09,Active
100023,NVX-100023,Contemporary Oak Office Chair,Atelier Home,2242,Storage,Cabinet,Mid-Range,115.03,196.37,0.4142,2022-12-24,Active
100024,NVX-100024,Contemporary Bamboo Sofa,Novexa Essentials,2393,Storage,Plastic Box,Mid-Range,91.89,167.8,0.4524,2026-05-13,Active
100025,NVX-100025,Comfort Glass Nightstand,Green Habitat,2200,Lighting,Table Lamp,Entry,52.0,96.41,0.4606,2023-03-26,Active
100026,NVX-100026,Compact Bamboo Wardrobe,Oak & Stone,2340,Bedroom,Dresser,Premium,256.75,436.99,0.4125,2026-07-18,Active
100027,NVX-100027,Premium Oak Coffee Table,Atelier Home,2040,Kitchen,Kitchen Shelf,Premium,29.29,55.55,0.4727,2026-03-14,Active
100028,NVX-100028,Minimalist Glass Office Chair,UrbanNest,2359,Bedroom,Chest of Drawers,Mid-Range,460.03,818.27,0.4378,2023-02-04,Active
100029,NVX-100029,Classic Marble Table,Linea Design,2289,Storage,Shelf,Mid-Range,125.18,239.94,0.4783,2021-10-05,Active
100030,NVX-100030,Essential Metal Wardrobe,Linea Design,2083,Decoration,Clock,Premium,56.99,100.29,0.4317,2025-08-29,Active
100031,NVX-100031,Nordic Oak Basket,Linea Design,2091,Garden,BBQ,Premium,44.14,91.07,0.5153,2020-05-02,Active
100032,NVX-100032,Compact Bamboo Armchair,Linea Design,2129,Bedroom,Chest of Drawers,Entry,285.6,518.88,0.4496,2022-11-09,Active
100033,NVX-100033,Compact Bamboo Drawer,Lumina,2312,Decoration,Cushion,Mid-Range,83.27,170.18,0.5107,2023-07-09,Active
100034,NVX-100034,Modern Velvet Basket,Lumina,2328,Decoration,Wall Art,Premium,88.76,155.34,0.4286,2021-12-05,Active
100035,NVX-100035,Elegant Walnut Lamp,Novexa Essentials,2378,Living Room,Corner Sofa,Entry,696.88,1121.41,0.3786,2026-07-15,Active
100036,NVX-100036,Contemporary Bamboo Armchair,Forma Casa,2175,Garden,Garden Storage,Entry,42.57,91.68,0.5357,2022-10-18,Active
100037,NVX-100037,Essential Marble Bookcase,Green Habitat,2131,Garden,Sun Lounger,Mid-Range,63.07,139.93,0.5493,2026-07-25,Active
100038,NVX-100038,Premium Pine Wardrobe,Linea Design,2147,Lighting,Pendant Light,Entry,56.1,135.18,0.585,2021-10-08,Active
100039,NVX-100039,Compact Oak Cabinet,Forma Casa,2052,Living Room,Armchair,Mid-Range,456.69,746.74,0.3884,2022-12-28,Active
100040,NVX-100040,Vintage Fabric Dining Table,Green Habitat,2182,Bedroom,Bed,Mid-Range,232.19,370.5,0.3733,2026-06-29,Active
100041,NVX-100041,Natural Marble Bookcase,Novexa Essentials,2367,Garden,Outdoor Chair,Mid-Range,85.01,179.84,0.5273,2026-09-26,Discontinued
100042,NVX-100042,Natural Ceramic Coffee Table,Oak & Stone,2284,Bedroom,Chest of Drawers,Mid-Range,375.3,599.6,0.3741,2020-09-07,Active
100043,NVX-100043,Nordic Oak Outdoor Table,UrbanNest,2315,Bedroom,Chest of Drawers,Premium,87.1,155.44,0.4397,2020-11-25,Active
100044,NVX-100044,Minimalist Glass Table,Linea Design,2296,Lighting,Desk Lamp,Mid-Range,68.6,142.87,0.5198,2026-02-07,Active
100045,NVX-100045,Urban Pine Planter,Lumina,2182,Garden,BBQ,Mid-Range,95.64,164.03,0.4169,2024-01-31,Active
100046,NVX-100046,Minimalist Steel Vanity Unit,Novexa Essentials,2390,Decoration,Clock,Mid-Range,104.69,231.03,0.5469,2020-06-27,Active
100047,NVX-100047,Compact Velvet Outdoor Table,Lumina,2137,Bedroom,Bed,Premium,99.17,172.5,0.4251,2026-07-25,Active
100048,NVX-100048,Urban Bamboo Kitchen Island,UrbanNest,2140,Kitchen,Dining Table,Entry,32.53,56.6,0.4253,2023-08-05,Discontinued
100049,NVX-100049,Signature Metal Shelf,Green Habitat,2358,Kitchen,Kitchen Island,Mid-Range,25.53,48.51,0.4737,2023-08-10,Active
100050,NVX-100050,Signature Walnut Bench,Forma Casa,2384,Living Room,Bookcase,Entry,395.83,621.55,0.3632,2023-03-23,Active
100051,NVX-100051,Nordic Glass Bed,Novexa Essentials,2332,Kitchen,Dining Table,Entry,37.05,73.26,0.4943,2024-07-21,Active
100052,NVX-100052,Classic Ceramic Floor Lamp,HomeCraft,2253,Kitchen,Kitchen Shelf,Premium,48.3,83.84,0.4239,2024-06-18,Active
100053,NVX-100053,Smart Walnut Wall Light,Atelier Home,2110,Garden,Outdoor Table,Mid-Range,96.26,181.25,0.4689,2022-02-12,Active
100054,NVX-100054,Vintage Steel Dining Table,Green Habitat,2109,Storage,Shelf,Premium,138.02,235.38,0.4136,2024-06-19,Active
100055,NVX-100055,Modern Bamboo Metal Rack,Oak & Stone,2203,Lighting,Floor Lamp,Mid-Range,47.54,108.27,0.5609,2020-09-18,Active
100056,NVX-100056,Vintage Steel Armchair,HomeCraft,2169,Lighting,Desk Lamp,Mid-Range,65.81,131.03,0.4977,2022-05-24,Active
100057,NVX-100057,Contemporary Bamboo Bookcase,Atelier Home,2003,Living Room,Sofa,Mid-Range,707.2,1131.7,0.3751,2022-07-11,Active
100058,NVX-100058,Smart Fabric Bed,Oak & Stone,2289,Storage,Plastic Box,Entry,185.12,311.81,0.4063,2023-11-27,Discontinued
100059,NVX-100059,Nordic Ceramic BBQ,Oak & Stone,2043,Kitchen,Kitchen Cabinet,Entry,50.54,103.35,0.511,2025-06-06,Active
100060,NVX-100060,Signature Ceramic Pendant Light,Novexa Essentials,2227,Garden,Outdoor Chair,Mid-Range,74.04,144.8,0.4887,2025-10-23,Active
100061,NVX-100061,Essential Walnut Outdoor Table,Oak & Stone,2057,Home Office,Bookcase,Entry,100.35,177.54,0.4348,2026-09-16,Active
100062,NVX-100062,Minimalist Steel Basket,Novexa Essentials,2170,Kitchen,Kitchen Island,Entry,37.15,68.85,0.4604,2023-11-04,Active
100063,NVX-100063,Signature Velvet Drawer,Oak & Stone,2326,Bathroom,Mirror,Mid-Range,71.17,126.65,0.4381,2020-06-11,Active
100064,NVX-100064,Elegant Glass Bar Stool,Forma Casa,2046,Bathroom,Mirror,Premium,48.67,101.5,0.5205,2026-11-05,Active
100065,NVX-100065,Comfort Steel Desk Lamp,Lumina,2391,Decoration,Mirror,Entry,114.84,196.3,0.415,2020-08-13,Active
100066,NVX-100066,Elegant Metal Storage Cabinet,Linea Design,2197,Decoration,Vase,Entry,76.54,147.35,0.4806,2024-12-29,Active
100067,NVX-100067,Nordic Fabric Planter,Novexa Essentials,2179,Kitchen,Dining Chair,Mid-Range,31.9,61.07,0.4776,2020-02-27,Active
100068,NVX-100068,Signature Oak Mirror,Linea Design,2052,Lighting,Floor Lamp,Entry,40.07,84.08,0.5234,2023-03-06,Active
100069,NVX-100069,Essential Metal BBQ,Lumina,2383,Lighting,Table Lamp,Mid-Range,44.68,94.84,0.5289,2020-04-21,Active
100070,NVX-100070,Urban Velvet Drawer,Nordic Living,2038,Lighting,Desk Lamp,Premium,49.31,120.3,0.5901,2026-02-20,Active
100071,NVX-100071,Elegant Velvet Vanity Unit,Lumina,2041,Living Room,Sofa,Entry,948.62,1432.26,0.3377,2021-11-29,Active
100072,NVX-100072,Urban Marble Floor Lamp,Lumina,2187,Kitchen,Kitchen Cabinet,Mid-Range,66.3,131.14,0.4944,2024-04-28,Active
100073,NVX-100073,Vintage Fabric Armchair,Lumina,2151,Lighting,Floor Lamp,Mid-Range,57.72,121.82,0.5262,2021-04-21,Active
100074,NVX-100074,Vintage Metal Sofa,Nordic Living,2084,Lighting,Desk Lamp,Entry,66.22,142.89,0.5366,2026-02-15,Active
100075,NVX-100075,Essential Fabric Basket,Novexa Essentials,2165,Home Office,Office Chair,Mid-Range,88.94,157.45,0.4351,2025-06-09,Active
100076,NVX-100076,Nordic Glass Wall Light,Oak & Stone,2197,Bedroom,Chest of Drawers,Mid-Range,496.28,870.47,0.4299,2024-07-06,Active
100077,NVX-100077,Nordic Metal Mirror,Nordic Living,2116,Storage,Metal Rack,Entry,214.6,474.31,0.5476,2024-08-16,Active
100078,NVX-100078,Signature Rattan Shelf,Forma Casa,2278,Home Office,Filing Cabinet,Entry,35.94,63.4,0.4331,2025-04-02,Active
100079,NVX-100079,Smart Rattan Basket,Nordic Living,2302,Living Room,Rug,Mid-Range,722.6,1035.42,0.3021,2025-08-22,Active
100080,NVX-100080,Signature Marble Outdoor Chair,Atelier Home,2367,Living Room,Corner Sofa,Entry,517.36,820.35,0.3693,2022-09-12,Discontinued
100081,NVX-100081,Comfort Fabric Nightstand,Forma Casa,2058,Home Office,Filing Cabinet,Entry,134.96,236.27,0.4288,2023-11-10,Active
100082,NVX-100082,Premium Rattan Office Desk,Atelier Home,2296,Home Office,Office Chair,Entry,51.93,115.36,0.5498,2023-04-24,Active
100083,NVX-100083,Smart Steel Outdoor Chair,Green Habitat,2269,Garden,BBQ,Entry,75.97,160.85,0.5277,2025-01-15,Active
100084,NVX-100084,Signature Pine Bed,UrbanNest,2115,Living Room,Coffee Table,Entry,462.65,775.29,0.4033,2021-12-03,Active
100085,NVX-100085,Natural Glass Cabinet,Atelier Home,2181,Lighting,Wall Light,Premium,90.96,192.08,0.5264,2023-01-28,Discontinued
100086,NVX-100086,Minimalist Ceramic Sideboard,Green Habitat,2143,Lighting,Table Lamp,Entry,109.9,210.13,0.477,2020-01-04,Active
100087,NVX-100087,Premium Rattan Chair,Lumina,2128,Home Office,Office Chair,Mid-Range,49.44,102.0,0.5153,2023-11-08,Active
100088,NVX-100088,Natural Rattan Mirror,HomeCraft,2171,Garden,Outdoor Chair,Entry,48.11,102.53,0.5308,2025-11-18,Active
100089,NVX-100089,Nordic Steel Pendant Light,Atelier Home,2065,Bathroom,Tall Cabinet,Entry,35.51,69.54,0.4894,2025-08-02,Active
100090,NVX-100090,Modern Marble Shelf,Oak & Stone,2300,Bathroom,Vanity Unit,Mid-Range,48.23,93.64,0.4849,2024-07-09,Active
100091,NVX-100091,Contemporary Glass Armchair,Green Habitat,2237,Lighting,Floor Lamp,Mid-Range,40.95,79.4,0.4843,2020-09-22,Active
100092,NVX-100092,Elegant Rattan Wall Light,Green Habitat,2284,Kitchen,Dining Chair,Mid-Range,42.09,77.21,0.4549,2022-05-30,Active
100093,NVX-100093,Premium Velvet Storage Box,UrbanNest,2385,Bathroom,Vanity Unit,Premium,81.1,158.48,0.4883,2023-07-25,Active
100094,NVX-100094,Smart Ceramic Chest of Drawers,UrbanNest,2159,Lighting,Table Lamp,Entry,66.82,159.71,0.5816,2021-11-15,Active
100095,NVX-100095,Smart Ceramic Office Chair,Novexa Essentials,2101,Bathroom,Vanity Unit,Entry,43.38,81.86,0.4701,2022-06-07,Active
100096,NVX-100096,Contemporary Marble Bench,HomeCraft,2278,Kitchen,Bar Stool,Premium,37.46,73.21,0.4883,2026-10-28,Active
100097,NVX-100097,Vintage Metal Lamp,Novexa Essentials,2005,Lighting,Pendant Light,Entry,66.34,120.88,0.4512,2025-01-19,Active
100098,NVX-100098,Natural Marble Table,Lumina,2385,Bedroom,Chest of Drawers,Premium,369.48,584.29,0.3676,2025-03-22,Active
100099,NVX-100099,Modern Glass Pendant Light,Atelier Home,2384,Kitchen,Kitchen Island,Entry,43.56,76.35,0.4295,2022-02-10,Active
100100,NVX-100100,Urban Steel Floor Lamp,Nordic Living,2388,Garden,Garden Storage,Premium,117.72,256.62,0.5413,2021-05-22,Active
100101,NVX-100101,Minimalist Rattan Bed,Atelier Home,2121,Kitchen,Kitchen Cabinet,Mid-Range,58.79,118.75,0.5049,2024-02-23,Active
100102,NVX-100102,Smart Velvet Shelf,Oak & Stone,2400,Garden,BBQ,Mid-Range,47.3,87.72,0.4608,2021-01-24,Active
100103,NVX-100103,Compact Metal Basket,HomeCraft,2024,Living Room,TV Unit,Premium,460.0,778.39,0.409,2020-11-18,Active
100104,NVX-100104,Vintage Velvet Wardrobe,Novexa Essentials,2244,Storage,Shelf,Entry,105.19,228.04,0.5387,2020-03-01,Active
100105,NVX-100105,Classic Walnut Chair,Novexa Essentials,2218,Bathroom,Tall Cabinet,Premium,47.4,86.3,0.4508,2022-10-14,Active
100106,NVX-100106,Essential Velvet Desk Lamp,Lumina,2391,Bedroom,Dresser,Mid-Range,441.23,716.52,0.3842,2024-01-15,Active
100107,NVX-100107,Premium Steel Metal Rack,Novexa Essentials,2255,Bedroom,Dresser,Premium,148.59,262.72,0.4344,2023-01-24,Active
100108,NVX-100108,Nordic Rattan Mirror,Oak & Stone,2336,Living Room,Sofa,Entry,489.86,773.51,0.3667,2026-09-07,Active
100109,NVX-100109,Natural Rattan Metal Rack,Green Habitat,2036,Garden,BBQ,Premium,118.74,221.27,0.4634,2020-05-30,Active
100110,NVX-100110,Urban Pine Bookcase,Forma Casa,2084,Bedroom,Dresser,Premium,234.5,411.12,0.4296,2025-12-20,Active
100111,NVX-100111,Compact Pine Storage Cabinet,Atelier Home,2287,Garden,Sun Lounger,Entry,71.28,129.01,0.4475,2022-09-06,Active
100112,NVX-100112,Elegant Velvet Sideboard,UrbanNest,2218,Lighting,Wall Light,Premium,48.04,98.99,0.5147,2021-04-08,Active
100113,NVX-100113,Minimalist Glass Drawer,Forma Casa,2061,Decoration,Cushion,Mid-Range,127.08,253.45,0.4986,2026-05-04,Active
100114,NVX-100114,Compact Glass Wall Light,HomeCraft,2208,Living Room,TV Unit,Entry,781.27,1133.89,0.311,2024-03-28,Active
100115,NVX-100115,Minimalist Walnut Kitchen Island,Green Habitat,2063,Decoration,Cushion,Entry,79.21,168.1,0.5288,2023-01-31,Active
100116,NVX-100116,Minimalist Oak Pendant Light,Green Habitat,2354,Living Room,TV Unit,Mid-Range,444.91,720.02,0.3821,2022-06-30,Active
100117,NVX-100117,Elegant Ceramic Cabinet,Green Habitat,2078,Bedroom,Nightstand,Entry,184.99,288.26,0.3583,2026-06-22,Active
100118,NVX-100118,Comfort Metal Basket,UrbanNest,2031,Home Office,Desk,Mid-Range,57.2,105.61,0.4584,2026-06-11,Discontinued
100119,NVX-100119,Signature Walnut Floor Lamp,Novexa Essentials,2297,Bedroom,Dresser,Mid-Range,321.09,496.57,0.3534,2026-10-09,Active
100120,NVX-100120,Smart Glass Dining Table,Lumina,2245,Kitchen,Dining Table,Mid-Range,26.52,58.5,0.5467,2024-05-10,Active
100121,NVX-100121,Nordic Glass Office Desk,Oak & Stone,2153,Decoration,Mirror,Mid-Range,114.27,221.0,0.4829,2024-06-07,Active
100122,NVX-100122,Nordic Fabric Bookcase,UrbanNest,2141,Bathroom,Vanity Unit,Entry,65.29,116.61,0.4401,2025-06-26,Active
100123,NVX-100123,Minimalist Pine Office Chair,Novexa Essentials,2336,Decoration,Clock,Mid-Range,45.82,87.52,0.4765,2025-02-13,Active
100124,NVX-100124,Smart Bamboo Desk,Forma Casa,2025,Kitchen,Kitchen Island,Entry,35.23,60.29,0.4157,2025-06-30,Active
100125,NVX-100125,Modern Glass Chest of Drawers,HomeCraft,2300,Lighting,Table Lamp,Mid-Range,88.41,206.3,0.5714,2021-08-24,Discontinued
100126,NVX-100126,Elegant Fabric Chair,Linea Design,2384,Living Room,Bookcase,Premium,718.18,1086.2,0.3388,2022-04-17,Active
100127,NVX-100127,Nordic Glass Shelf,UrbanNest,2321,Bedroom,Dresser,Mid-Range,393.5,641.18,0.3863,2021-12-09,Active
100128,NVX-100128,Urban Bamboo Bed,Atelier Home,2047,Living Room,Bookcase,Entry,668.17,1029.06,0.3507,2020-04-30,Active
100129,NVX-100129,Vintage Rattan Wall Light,Linea Design,2117,Kitchen,Bar Stool,Premium,64.21,107.62,0.4034,2021-07-02,Active
100130,NVX-100130,Urban Ceramic Drawer,Atelier Home,2239,Storage,Cabinet,Mid-Range,153.49,271.03,0.4337,2025-08-21,Active
100131,NVX-100131,Compact Metal Nightstand,Novexa Essentials,2167,Lighting,Pendant Light,Entry,78.26,154.0,0.4918,2025-07-01,Active
100132,NVX-100132,Contemporary Fabric Mirror,Novexa Essentials,2023,Lighting,Pendant Light,Premium,101.84,251.43,0.595,2021-09-16,Active
100133,NVX-100133,Premium Bamboo Desk,Novexa Essentials,2113,Living Room,Armchair,Mid-Range,573.2,902.74,0.365,2024-06-20,Active
100134,NVX-100134,Compact Steel Drawer,Novexa Essentials,2219,Garden,Outdoor Chair,Premium,101.45,182.53,0.4442,2021-04-18,Active
100135,NVX-100135,Natural Oak Storage Box,Novexa Essentials,2321,Storage,Basket,Premium,105.75,210.79,0.4983,2026-05-08,Active
100136,NVX-100136,Smart Bamboo Storage Cabinet,Novexa Essentials,2289,Lighting,Desk Lamp,Mid-Range,115.28,234.64,0.5087,2021-04-14,Active
100137,NVX-100137,Modern Steel Sofa,Lumina,2189,Living Room,Rug,Mid-Range,1026.58,1780.9,0.4236,2023-01-24,Active
100138,NVX-100138,Nordic Oak Sofa,Lumina,2164,Decoration,Mirror,Premium,82.69,171.95,0.5191,2023-07-01,Active
100139,NVX-100139,Modern Pine Armchair,Linea Design,2078,Home Office,Desk,Entry,64.31,128.81,0.5007,2021-03-27,Discontinued
100140,NVX-100140,Essential Bamboo Office Chair,Novexa Essentials,2048,Kitchen,Kitchen Shelf,Entry,66.68,137.57,0.5153,2021-04-12,Active
100141,NVX-100141,Signature Bamboo Wardrobe,Forma Casa,2223,Decoration,Cushion,Mid-Range,122.48,207.13,0.4087,2023-09-01,Active
100142,NVX-100142,Classic Rattan Office Desk,Linea Design,2357,Garden,Planter,Mid-Range,113.14,196.52,0.4243,2023-02-25,Active
100143,NVX-100143,Signature Glass Bench,Atelier Home,2228,Living Room,Coffee Table,Entry,515.12,765.4,0.327,2022-11-07,Active
100144,NVX-100144,Signature Walnut Bar Stool,Green Habitat,2096,Kitchen,Dining Table,Mid-Range,71.45,155.83,0.5415,2021-04-16,Active
100145,NVX-100145,Essential Fabric Nightstand,UrbanNest,2019,Bedroom,Dresser,Premium,422.88,673.09,0.3717,2021-09-28,Active
100146,NVX-100146,Classic Walnut Armchair,Lumina,2287,Living Room,Coffee Table,Entry,844.76,1300.83,0.3506,2021-08-20,Active
100147,NVX-100147,Elegant Pine Outdoor Table,Linea Design,2341,Decoration,Cushion,Entry,31.87,68.75,0.5364,2023-10-05,Active
100148,NVX-100148,Modern Oak Pendant Light,Lumina,2176,Garden,Garden Storage,Entry,43.51,92.34,0.5288,2022-03-27,Active
100149,NVX-100149,Signature Steel Chest of Drawers,Oak & Stone,2164,Lighting,Wall Light,Entry,63.72,123.16,0.4826,2023-03-22,Active
100150,NVX-100150,Minimalist Walnut Shelf,Nordic Living,2248,Lighting,Wall Light,Entry,61.21,136.05,0.5501,2024-06-30,Active
100151,NVX-100151,Comfort Marble Shelf,Nordic Living,2022,Living Room,TV Unit,Mid-Range,312.74,498.81,0.373,2023-06-08,Active
100152,NVX-100152,Compact Rattan Table,Novexa Essentials,2225,Kitchen,Kitchen Island,Entry,21.14,38.31,0.4482,2026-06-21,Active
100153,NVX-100153,Compact Velvet Bench,Nordic Living,2061,Home Office,Bookcase,Entry,130.2,259.88,0.499,2026-06-17,Active
100154,NVX-100154,Comfort Fabric Wall Light,Lumina,2376,Living Room,Armchair,Entry,677.65,1000.98,0.323,2026-05-01,Active
100155,NVX-100155,Comfort Velvet Sofa,Atelier Home,2051,Kitchen,Kitchen Island,Entry,54.62,101.54,0.4621,2023-08-11,Active
100156,NVX-100156,Vintage Oak Kitchen Island,Atelier Home,2103,Storage,Plastic Box,Mid-Range,101.1,216.82,0.5337,2020-10-05,Active
100157,NVX-100157,Essential Velvet TV Unit,Green Habitat,2036,Decoration,Mirror,Mid-Range,94.92,183.11,0.4816,2026-06-19,Active
100158,NVX-100158,Minimalist Steel Office Chair,Nordic Living,2359,Kitchen,Kitchen Shelf,Premium,24.96,46.68,0.4653,2026-06-29,Active
100159,NVX-100159,Urban Pine Bar Stool,Linea Design,2067,Lighting,Floor Lamp,Mid-Range,68.25,151.54,0.5496,2020-06-11,Active
100160,NVX-100160,Modern Velvet Desk Lamp,Oak & Stone,2071,Lighting,Table Lamp,Entry,67.89,136.45,0.5025,2023-12-26,Active
100161,NVX-100161,Elegant Rattan Table,Green Habitat,2082,Bathroom,Mirror,Mid-Range,70.92,138.09,0.4864,2020-07-26,Active
100162,NVX-100162,Minimalist Oak Coffee Table,Forma Casa,2211,Storage,Shelf,Mid-Range,212.48,389.52,0.4545,2025-07-17,Active
100163,NVX-100163,Signature Ceramic Wardrobe,UrbanNest,2375,Bathroom,Storage Cabinet,Entry,71.99,159.21,0.5478,2026-05-21,Active
100164,NVX-100164,Modern Metal Wardrobe,UrbanNest,2396,Kitchen,Dining Chair,Mid-Range,38.76,64.67,0.4006,2025-10-19,Discontinued
100165,NVX-100165,Signature Rattan Chest of Drawers,Green Habitat,2388,Garden,Sun Lounger,Entry,67.95,120.69,0.437,2022-09-11,Active
100166,NVX-100166,Smart Ceramic Floor Lamp,Novexa Essentials,2132,Decoration,Wall Art,Premium,61.21,116.57,0.4749,2023-11-17,Active
100167,NVX-100167,Essential Metal Sideboard,Atelier Home,2344,Storage,Cabinet,Mid-Range,159.97,323.47,0.5055,2022-08-20,Active
100168,NVX-100168,Elegant Pine Lamp,Oak & Stone,2224,Home Office,Office Chair,Entry,44.68,85.19,0.4755,2025-02-09,Active
100169,NVX-100169,Classic Pine Chair,HomeCraft,2198,Lighting,Desk Lamp,Entry,59.02,120.68,0.5109,2025-08-23,Active
100170,NVX-100170,Urban Fabric Storage Cabinet,Green Habitat,2028,Bedroom,Dresser,Mid-Range,177.87,323.26,0.4498,2024-11-06,Active
100171,NVX-100171,Natural Velvet Metal Rack,Forma Casa,2052,Home Office,Bookcase,Premium,68.29,113.86,0.4002,2024-10-05,Active
100172,NVX-100172,Modern Walnut Desk Lamp,Novexa Essentials,2008,Living Room,Bookcase,Mid-Range,769.17,1227.3,0.3733,2021-05-10,Active
100173,NVX-100173,Premium Ceramic TV Unit,Oak & Stone,2261,Lighting,Wall Light,Entry,51.75,114.95,0.5498,2023-02-11,Active
100174,NVX-100174,Vintage Walnut Coffee Table,Oak & Stone,2355,Lighting,Floor Lamp,Premium,45.7,97.5,0.5313,2024-08-13,Active
100175,NVX-100175,Smart Glass Cabinet,Lumina,2014,Living Room,Rug,Premium,271.22,434.38,0.3756,2021-02-21,Active
100176,NVX-100176,Comfort Rattan Office Desk,Novexa Essentials,2367,Bedroom,Dresser,Premium,171.06,285.33,0.4005,2025-04-01,Active
100177,NVX-100177,Nordic Marble Wardrobe,Atelier Home,2196,Bathroom,Vanity Unit,Entry,34.67,75.29,0.5395,2025-02-26,Active
100178,NVX-100178,Natural Walnut Armchair,Oak & Stone,2318,Lighting,Pendant Light,Mid-Range,58.71,120.27,0.5118,2024-03-08,Active
100179,NVX-100179,Smart Pine Metal Rack,Lumina,2363,Bedroom,Dresser,Premium,558.56,879.29,0.3648,2026-04-18,Active
100180,NVX-100180,Essential Metal BBQ,Novexa Essentials,2278,Garden,BBQ,Premium,107.97,216.2,0.5006,2026-11-13,Active
100181,NVX-100181,Signature Steel Nightstand,Novexa Essentials,2006,Living Room,Corner Sofa,Mid-Range,231.96,366.76,0.3675,2026-05-06,Active
100182,NVX-100182,Contemporary Marble Desk,Novexa Essentials,2156,Living Room,TV Unit,Entry,412.7,670.81,0.3848,2024-03-20,Active
100183,NVX-100183,Nordic Oak Wardrobe,Nordic Living,2022,Storage,Basket,Premium,138.2,254.63,0.4573,2021-08-28,Active
100184,NVX-100184,Smart Walnut Chair,UrbanNest,2235,Lighting,Wall Light,Entry,61.46,143.74,0.5724,2021-07-29,Active
100185,NVX-100185,Essential Ceramic Office Desk,Forma Casa,2280,Garden,Garden Storage,Entry,147.83,322.28,0.5413,2024-10-15,Active
100186,NVX-100186,Contemporary Fabric Bed,Lumina,2217,Kitchen,Kitchen Shelf,Mid-Range,61.76,135.15,0.543,2025-06-26,Active
100187,NVX-100187,Signature Rattan Metal Rack,Novexa Essentials,2203,Lighting,Desk Lamp,Entry,51.65,96.62,0.4654,2025-08-02,Active
100188,NVX-100188,Signature Metal Desk,Linea Design,2366,Lighting,Desk Lamp,Entry,49.8,109.18,0.5439,2020-03-03,Active
100189,NVX-100189,Urban Velvet Chair,Lumina,2313,Living Room,Armchair,Entry,465.15,764.92,0.3919,2022-09-24,Active
100190,NVX-100190,Nordic Glass Sideboard,HomeCraft,2325,Lighting,Wall Light,Entry,52.5,97.32,0.4605,2022-08-16,Active
100191,NVX-100191,Urban Ceramic Outdoor Chair,HomeCraft,2378,Garden,Outdoor Chair,Mid-Range,71.35,146.29,0.5123,2026-08-06,Active
100192,NVX-100192,Classic Marble Sideboard,UrbanNest,2208,Storage,Basket,Mid-Range,102.54,180.31,0.4313,2021-08-22,Active
100193,NVX-100193,Vintage Walnut Lamp,Green Habitat,2066,Lighting,Wall Light,Premium,71.48,152.89,0.5325,2021-02-07,Active
100194,NVX-100194,Vintage Rattan Bar Stool,Oak & Stone,2321,Bathroom,Storage Cabinet,Mid-Range,39.4,81.82,0.5185,2025-12-09,Active
100195,NVX-100195,Compact Metal Bed,Forma Casa,2147,Kitchen,Kitchen Shelf,Mid-Range,45.76,98.57,0.5358,2025-09-29,Active
100196,NVX-100196,Modern Fabric Office Chair,HomeCraft,2333,Kitchen,Dining Chair,Entry,46.0,85.03,0.459,2023-09-29,Active
100197,NVX-100197,Premium Glass Mirror,Forma Casa,2165,Garden,Outdoor Chair,Mid-Range,42.3,84.03,0.4966,2025-01-04,Discontinued
100198,NVX-100198,Minimalist Oak Pendant Light,Linea Design,2085,Living Room,Coffee Table,Mid-Range,1133.67,1854.65,0.3887,2020-05-28,Active
100199,NVX-100199,Classic Metal Storage Box,Forma Casa,2236,Kitchen,Dining Chair,Entry,38.22,73.6,0.4807,2026-06-25,Active
100200,NVX-100200,Essential Fabric Mirror,HomeCraft,2324,Storage,Cabinet,Entry,118.96,222.55,0.4655,2023-02-02,Active
100201,NVX-100201,Modern Bamboo Armchair,Linea Design,2368,Garden,Planter,Premium,75.89,131.05,0.4209,2020-04-22,Active
100202,NVX-100202,Minimalist Marble Outdoor Table,HomeCraft,2198,Decoration,Cushion,Entry,102.26,172.79,0.4082,2022-10-22,Active
100203,NVX-100203,Natural Pine Office Chair,Linea Design,2362,Kitchen,Dining Chair,Mid-Range,28.78,60.78,0.5265,2023-02-27,Active
100204,NVX-100204,Modern Marble Nightstand,HomeCraft,2254,Living Room,TV Unit,Entry,227.18,370.01,0.386,2021-03-08,Active
100205,NVX-100205,Comfort Oak Nightstand,HomeCraft,2377,Kitchen,Kitchen Shelf,Entry,42.42,80.3,0.4717,2022-07-29,Active
100206,NVX-100206,Modern Marble Nightstand,Forma Casa,2016,Storage,Shelf,Premium,88.94,167.79,0.4699,2024-05-24,Active
100207,NVX-100207,Essential Walnut Office Desk,Linea Design,2154,Living Room,TV Unit,Entry,705.42,1274.55,0.4465,2021-11-22,Active
100208,NVX-100208,Nordic Walnut Coffee Table,Green Habitat,2122,Living Room,Corner Sofa,Premium,383.78,640.91,0.4012,2023-06-24,Active
100209,NVX-100209,Minimalist Metal Chest of Drawers,Green Habitat,2071,Decoration,Clock,Entry,92.58,193.64,0.5219,2022-05-09,Active
100210,NVX-100210,Elegant Rattan Shelf,Atelier Home,2256,Living Room,Coffee Table,Premium,383.91,572.02,0.3289,2020-02-12,Active
100211,NVX-100211,Nordic Marble TV Unit,Green Habitat,2163,Garden,Planter,Mid-Range,72.42,154.28,0.5306,2026-08-04,Active
100212,NVX-100212,Modern Glass TV Unit,HomeCraft,2399,Storage,Basket,Mid-Range,165.57,281.3,0.4114,2026-01-01,Active
100213,NVX-100213,Classic Metal Vanity Unit,HomeCraft,2326,Storage,Basket,Entry,243.06,421.13,0.4228,2021-09-02,Active
100214,NVX-100214,Comfort Steel Office Desk,Nordic Living,2207,Home Office,Filing Cabinet,Entry,40.54,81.9,0.505,2025-07-19,Active
100215,NVX-100215,Smart Rattan Bench,Linea Design,2191,Garden,Sun Lounger,Entry,75.74,137.21,0.448,2025-11-06,Active
100216,NVX-100216,Premium Marble Floor Lamp,Forma Casa,2209,Garden,BBQ,Mid-Range,140.93,252.12,0.441,2025-12-15,Discontinued
100217,NVX-100217,Urban Walnut Shelf,Green Habitat,2273,Home Office,Desk,Entry,83.15,140.41,0.4078,2026-11-02,Active
100218,NVX-100218,Contemporary Metal Coffee Table,Nordic Living,2037,Decoration,Vase,Mid-Range,128.64,222.38,0.4215,2026-02-22,Active
100219,NVX-100219,Vintage Rattan Storage Box,HomeCraft,2011,Garden,Garden Storage,Entry,59.69,124.91,0.5221,2022-12-28,Active
100220,NVX-100220,Urban Metal Storage Box,Linea Design,2365,Lighting,Pendant Light,Entry,56.62,129.55,0.5629,2025-03-18,Active
100221,NVX-100221,Premium Oak Basket,HomeCraft,2235,Bedroom,Dresser,Entry,274.35,431.66,0.3644,2026-03-13,Active
100222,NVX-100222,Vintage Ceramic TV Unit,Linea Design,2187,Garden,Outdoor Chair,Mid-Range,25.63,56.81,0.5488,2026-10-03,Active
100223,NVX-100223,Vintage Marble Basket,Linea Design,2031,Decoration,Mirror,Entry,82.98,146.88,0.435,2021-05-16,Active
100224,NVX-100224,Smart Steel Outdoor Table,Oak & Stone,2160,Bedroom,Dresser,Entry,209.05,357.35,0.415,2023-08-05,Discontinued
100225,NVX-100225,Compact Ceramic Desk Lamp,Forma Casa,2037,Living Room,Sofa,Mid-Range,1149.44,1715.55,0.33,2022-05-29,Discontinued
100226,NVX-100226,Smart Marble Metal Rack,Lumina,2146,Bedroom,Chest of Drawers,Mid-Range,504.5,862.48,0.4151,2022-07-11,Active
100227,NVX-100227,Urban Bamboo Lamp,Green Habitat,2234,Bedroom,Dresser,Premium,513.76,795.8,0.3544,2022-02-21,Active
100228,NVX-100228,Contemporary Ceramic Metal Rack,Green Habitat,2010,Storage,Basket,Entry,177.14,380.76,0.5348,2025-06-02,Discontinued
100229,NVX-100229,Urban Marble Table,Atelier Home,2298,Garden,Garden Storage,Entry,107.48,233.78,0.5403,2021-12-02,Active
100230,NVX-100230,Urban Rattan Planter,Novexa Essentials,2035,Kitchen,Dining Chair,Mid-Range,39.1,72.96,0.4641,2026-07-11,Active
100231,NVX-100231,Compact Rattan Lamp,Atelier Home,2190,Garden,BBQ,Entry,134.36,229.95,0.4157,2022-04-08,Active
100232,NVX-100232,Comfort Rattan Basket,HomeCraft,2195,Decoration,Vase,Premium,34.02,65.22,0.4784,2021-01-27,Active
100233,NVX-100233,Vintage Glass Table,UrbanNest,2316,Home Office,Bookcase,Mid-Range,57.16,105.19,0.4566,2023-01-04,Active
100234,NVX-100234,Modern Metal Bar Stool,HomeCraft,2288,Living Room,Corner Sofa,Entry,475.08,731.59,0.3506,2024-06-17,Active
100235,NVX-100235,Signature Marble Chair,Nordic Living,2214,Decoration,Mirror,Premium,48.7,82.05,0.4065,2022-12-11,Discontinued
100236,NVX-100236,Urban Oak Office Chair,Lumina,2314,Garden,Garden Storage,Entry,107.67,191.38,0.4374,2023-10-26,Active
100237,NVX-100237,Signature Velvet Floor Lamp,Novexa Essentials,2195,Living Room,Rug,Mid-Range,346.93,595.05,0.417,2021-12-18,Active
100238,NVX-100238,Minimalist Glass Table,Atelier Home,2340,Storage,Basket,Premium,106.36,230.65,0.5389,2026-11-14,Active
100239,NVX-100239,Vintage Rattan Cabinet,UrbanNest,2033,Living Room,Sofa,Entry,451.2,783.75,0.4243,2023-08-02,Active
100240,NVX-100240,Contemporary Metal Lamp,Oak & Stone,2061,Garden,Outdoor Table,Mid-Range,88.5,151.65,0.4164,2025-03-03,Active
100241,NVX-100241,Modern Velvet Bench,HomeCraft,2348,Home Office,Desk,Mid-Range,23.31,48.41,0.5185,2023-04-16,Active
100242,NVX-100242,Comfort Oak Drawer,Nordic Living,2180,Garden,Sun Lounger,Mid-Range,62.68,116.24,0.4608,2025-07-22,Active
100243,NVX-100243,Compact Velvet Outdoor Chair,Linea Design,2366,Garden,BBQ,Entry,36.44,69.13,0.4729,2022-03-02,Active
100244,NVX-100244,Contemporary Ceramic Coffee Table,Forma Casa,2114,Storage,Basket,Mid-Range,112.4,247.26,0.5454,2023-08-13,Active
100245,NVX-100245,Contemporary Metal Wardrobe,Linea Design,2035,Kitchen,Bar Stool,Mid-Range,67.59,119.55,0.4346,2022-05-07,Active
100246,NVX-100246,Comfort Glass Sideboard,Atelier Home,2343,Living Room,Sideboard,Mid-Range,412.93,691.9,0.4032,2020-05-05,Active
100247,NVX-100247,Urban Metal Coffee Table,Green Habitat,2191,Lighting,Pendant Light,Mid-Range,38.79,91.88,0.5778,2023-02-17,Active
100248,NVX-100248,Compact Marble Vanity Unit,Oak & Stone,2331,Living Room,Coffee Table,Entry,472.64,779.2,0.3934,2021-07-28,Active
100249,NVX-100249,Compact Walnut Shelf,Green Habitat,2196,Garden,Planter,Entry,101.94,203.21,0.4984,2022-05-30,Active
100250,NVX-100250,Modern Steel Vanity Unit,Lumina,2255,Living Room,Coffee Table,Entry,512.55,789.05,0.3504,2023-09-19,Active
100251,NVX-100251,Signature Metal Table,Forma Casa,2224,Home Office,Filing Cabinet,Mid-Range,55.23,121.47,0.5453,2026-03-17,Active
100252,NVX-100252,Urban Ceramic Drawer,Nordic Living,2226,Garden,Planter,Entry,65.78,124.61,0.4721,2023-11-17,Discontinued
100253,NVX-100253,Contemporary Glass Sideboard,Novexa Essentials,2366,Decoration,Cushion,Mid-Range,74.0,126.92,0.417,2025-10-14,Active
100254,NVX-100254,Vintage Walnut Shelf,HomeCraft,2075,Lighting,Table Lamp,Premium,78.95,153.07,0.4842,2022-10-12,Active
100255,NVX-100255,Compact Ceramic Wall Light,Forma Casa,2347,Kitchen,Kitchen Shelf,Mid-Range,51.12,103.23,0.5048,2023-11-22,Active
100256,NVX-100256,Vintage Ceramic Office Desk,Green Habitat,2077,Living Room,Sofa,Premium,348.34,606.12,0.4253,2024-09-18,Discontinued
100257,NVX-100257,Premium Velvet Chair,Green Habitat,2019,Lighting,Pendant Light,Entry,77.24,159.63,0.5161,2025-02-18,Active
100258,NVX-100258,Smart Fabric Vanity Unit,Novexa Essentials,2124,Storage,Shelf,Entry,202.76,383.28,0.471,2022-01-04,Active
100259,NVX-100259,Classic Metal Floor Lamp,Oak & Stone,2140,Storage,Metal Rack,Mid-Range,166.03,317.05,0.4763,2026-10-27,Active
100260,NVX-100260,Signature Steel Outdoor Chair,UrbanNest,2166,Home Office,Bookcase,Entry,54.54,105.07,0.4809,2026-09-13,Active
100261,NVX-100261,Nordic Rattan Dining Table,Atelier Home,2372,Bedroom,Dresser,Entry,570.19,968.96,0.4115,2025-06-10,Active
100262,NVX-100262,Elegant Ceramic Desk,Atelier Home,2204,Bathroom,Vanity Unit,Mid-Range,44.38,93.23,0.524,2020-01-23,Active
100263,NVX-100263,Classic Metal Armchair,Novexa Essentials,2248,Living Room,Corner Sofa,Mid-Range,1045.92,1838.44,0.4311,2021-02-20,Active
100264,NVX-100264,Natural Oak Armchair,Lumina,2242,Home Office,Office Chair,Mid-Range,77.83,164.27,0.5262,2020-05-25,Active
100265,NVX-100265,Comfort Walnut BBQ,HomeCraft,2271,Living Room,Corner Sofa,Entry,847.5,1366.82,0.3799,2020-12-05,Active
100266,NVX-100266,Comfort Oak TV Unit,Oak & Stone,2376,Living Room,Armchair,Entry,541.08,938.82,0.4237,2026-08-23,Active
100267,NVX-100267,Compact Rattan Sideboard,Forma Casa,2263,Storage,Metal Rack,Mid-Range,93.72,197.03,0.5243,2021-10-31,Active
100268,NVX-100268,Essential Oak Vanity Unit,UrbanNest,2010,Garden,Planter,Entry,78.96,133.03,0.4064,2020-06-18,Active
100269,NVX-100269,Vintage Velvet Bench,Nordic Living,2361,Storage,Basket,Mid-Range,77.17,131.72,0.4141,2024-11-22,Active
100270,NVX-100270,Modern Ceramic Shelf,Linea Design,2153,Bedroom,Nightstand,Mid-Range,494.35,849.55,0.4181,2024-07-10,Active
100271,NVX-100271,Vintage Bamboo Desk Lamp,HomeCraft,2110,Lighting,Pendant Light,Mid-Range,43.94,80.74,0.4558,2022-09-19,Active
100272,NVX-100272,Compact Velvet Drawer,Forma Casa,2318,Storage,Metal Rack,Mid-Range,157.98,348.03,0.5461,2024-12-30,Active
100273,NVX-100273,Elegant Fabric Sofa,Oak & Stone,2113,Living Room,Sofa,Entry,479.55,804.38,0.4038,2025-11-12,Active
100274,NVX-100274,Signature Steel Wardrobe,Lumina,2314,Bedroom,Dresser,Mid-Range,262.58,450.67,0.4174,2025-05-28,Active
100275,NVX-100275,Urban Glass Mirror,Green Habitat,2151,Living Room,Armchair,Mid-Range,416.27,638.03,0.3476,2022-11-26,Active
100276,NVX-100276,Natural Oak Office Chair,Novexa Essentials,2381,Kitchen,Kitchen Shelf,Mid-Range,29.67,60.64,0.5107,2022-08-13,Active
100277,NVX-100277,Premium Pine Floor Lamp,Linea Design,2388,Storage,Basket,Entry,92.36,157.03,0.4118,2021-03-23,Active
100278,NVX-100278,Elegant Metal Floor Lamp,Nordic Living,2265,Bathroom,Mirror,Entry,59.26,108.52,0.4539,2026-03-01,Active
100279,NVX-100279,Classic Velvet Chest of Drawers,Nordic Living,2055,Storage,Cabinet,Mid-Range,130.02,237.07,0.4516,2021-07-24,Active
100280,NVX-100280,Signature Pine Sofa,Nordic Living,2110,Living Room,Corner Sofa,Premium,1068.64,1602.6,0.3332,2024-11-26,Active
100281,NVX-100281,Essential Metal Chest of Drawers,Nordic Living,2159,Bedroom,Nightstand,Premium,442.99,728.94,0.3923,2026-10-07,Active
100282,NVX-100282,Compact Walnut Bookcase,HomeCraft,2063,Living Room,Rug,Mid-Range,546.72,818.25,0.3318,2022-09-07,Active
100283,NVX-100283,Elegant Metal Bed,Nordic Living,2218,Home Office,Bookcase,Entry,106.64,224.43,0.5248,2026-04-24,Active
100284,NVX-100284,Urban Pine Desk Lamp,Atelier Home,2070,Storage,Plastic Box,Premium,179.25,353.04,0.4923,2024-01-19,Active
100285,NVX-100285,Classic Marble Armchair,Novexa Essentials,2268,Lighting,Desk Lamp,Mid-Range,45.86,88.49,0.4817,2025-05-24,Active
100286,NVX-100286,Premium Bamboo Planter,HomeCraft,2190,Bedroom,Nightstand,Mid-Range,553.36,865.96,0.361,2022-05-26,Active
100287,NVX-100287,Contemporary Glass Metal Rack,Nordic Living,2315,Bathroom,Tall Cabinet,Entry,73.15,159.21,0.5405,2023-10-10,Active
100288,NVX-100288,Vintage Walnut Chest of Drawers,Atelier Home,2089,Bathroom,Storage Cabinet,Premium,39.1,68.62,0.4302,2021-09-03,Active
100289,NVX-100289,Signature Walnut Metal Rack,Lumina,2054,Decoration,Cushion,Entry,145.44,321.54,0.5477,2025-01-29,Active
100290,NVX-100290,Elegant Marble Desk,Nordic Living,2074,Living Room,Rug,Entry,492.13,809.92,0.3924,2020-07-10,Discontinued
100291,NVX-100291,Contemporary Oak Office Desk,Linea Design,2026,Lighting,Wall Light,Entry,42.28,88.26,0.521,2022-12-30,Active
100292,NVX-100292,Vintage Glass Bookcase,UrbanNest,2334,Garden,Planter,Mid-Range,50.18,111.37,0.5494,2026-07-14,Active
100293,NVX-100293,Contemporary Rattan Office Desk,Novexa Essentials,2390,Bathroom,Tall Cabinet,Mid-Range,58.07,102.59,0.434,2026-10-02,Active
100294,NVX-100294,Classic Steel Desk,Green Habitat,2149,Kitchen,Kitchen Cabinet,Premium,28.42,53.71,0.4709,2020-11-24,Active
100295,NVX-100295,Minimalist Metal Vanity Unit,UrbanNest,2294,Garden,Sun Lounger,Mid-Range,45.87,85.78,0.4653,2026-10-14,Active
100296,NVX-100296,Classic Rattan Office Desk,Lumina,2375,Living Room,Sideboard,Entry,538.79,840.25,0.3588,2023-10-19,Discontinued
100297,NVX-100297,Modern Velvet Armchair,UrbanNest,2174,Garden,Sun Lounger,Mid-Range,106.7,185.23,0.424,2022-11-11,Active
100298,NVX-100298,Premium Glass Bed,Green Habitat,2259,Garden,Sun Lounger,Premium,66.34,118.26,0.439,2022-08-12,Active
100299,NVX-100299,Signature Pine Office Chair,Atelier Home,2079,Kitchen,Dining Table,Mid-Range,41.65,82.54,0.4954,2026-12-14,Discontinued
100300,NVX-100300,Vintage Rattan Storage Box,HomeCraft,2389,Decoration,Vase,Premium,73.64,137.81,0.4656,2025-07-23,Active
100301,NVX-100301,Essential Velvet Desk Lamp,HomeCraft,2166,Home Office,Bookcase,Entry,41.8,75.25,0.4445,2025-03-25,Active
100302,NVX-100302,Urban Glass Desk,UrbanNest,2168,Lighting,Pendant Light,Entry,58.1,107.89,0.4615,2020-05-05,Active
100303,NVX-100303,Classic Ceramic Office Chair,Forma Casa,2378,Bedroom,Nightstand,Mid-Range,167.47,297.23,0.4366,2022-03-15,Active
100304,NVX-100304,Minimalist Velvet Vanity Unit,Linea Design,2349,Garden,Sun Lounger,Mid-Range,59.47,114.4,0.4802,2021-10-13,Active
100305,NVX-100305,Classic Marble Wardrobe,Lumina,2342,Living Room,Sofa,Mid-Range,306.14,484.3,0.3679,2023-06-15,Active
100306,NVX-100306,Signature Pine Office Chair,Lumina,2052,Living Room,Corner Sofa,Entry,575.23,874.29,0.3421,2022-08-19,Active
100307,NVX-100307,Elegant Bamboo Sofa,Nordic Living,2295,Kitchen,Kitchen Island,Entry,40.49,86.43,0.5315,2024-06-05,Discontinued
100308,NVX-100308,Urban Oak Lamp,Linea Design,2140,Bedroom,Dresser,Premium,313.36,548.8,0.429,2020-08-03,Active
100309,NVX-100309,Urban Pine Storage Box,HomeCraft,2045,Kitchen,Kitchen Cabinet,Mid-Range,38.16,78.04,0.511,2024-12-17,Active
100310,NVX-100310,Essential Oak Chair,Oak & Stone,2303,Garden,Sun Lounger,Mid-Range,84.2,187.03,0.5498,2020-06-23,Active
100311,NVX-100311,Natural Rattan Table,Green Habitat,2261,Garden,BBQ,Premium,47.01,99.12,0.5257,2026-03-10,Active
100312,NVX-100312,Modern Metal Dining Table,HomeCraft,2114,Storage,Shelf,Mid-Range,155.97,326.2,0.5219,2023-02-22,Active
100313,NVX-100313,Premium Velvet Bench,Nordic Living,2107,Storage,Shelf,Mid-Range,61.48,122.32,0.4974,2021-05-29,Active
100314,NVX-100314,Contemporary Walnut Dining Table,Green Habitat,2180,Lighting,Table Lamp,Entry,67.41,139.64,0.5173,2020-07-06,Active
100315,NVX-100315,Nordic Metal Armchair,HomeCraft,2356,Decoration,Vase,Premium,43.95,95.63,0.5404,2022-01-19,Active
100316,NVX-100316,Natural Ceramic BBQ,Oak & Stone,2293,Lighting,Floor Lamp,Mid-Range,61.8,131.88,0.5314,2026-12-22,Active
100317,NVX-100317,Comfort Marble Outdoor Chair,Nordic Living,2070,Bedroom,Wardrobe,Entry,439.2,771.22,0.4305,2024-08-19,Active
100318,NVX-100318,Contemporary Rattan Shelf,Linea Design,2204,Garden,Outdoor Chair,Mid-Range,80.07,140.98,0.432,2023-11-15,Active
100319,NVX-100319,Smart Ceramic Chair,Green Habitat,2312,Lighting,Floor Lamp,Entry,88.33,209.64,0.5787,2025-12-03,Active
100320,NVX-100320,Modern Steel Floor Lamp,Forma Casa,2257,Storage,Cabinet,Mid-Range,146.86,308.34,0.5237,2024-05-27,Active
100321,NVX-100321,Essential Steel Storage Box,Nordic Living,2010,Kitchen,Kitchen Cabinet,Mid-Range,40.87,70.4,0.4195,2020-04-01,Active
100322,NVX-100322,Nordic Fabric Table,Nordic Living,2288,Lighting,Wall Light,Entry,54.2,110.55,0.5097,2024-04-24,Active
100323,NVX-100323,Compact Velvet Vanity Unit,UrbanNest,2200,Lighting,Desk Lamp,Mid-Range,92.92,183.44,0.4935,2025-09-26,Active
100324,NVX-100324,Classic Pine Planter,Oak & Stone,2113,Kitchen,Kitchen Cabinet,Mid-Range,42.24,71.5,0.4092,2020-06-21,Active
100325,NVX-100325,Modern Ceramic Desk,HomeCraft,2123,Garden,Sun Lounger,Mid-Range,105.17,193.8,0.4573,2022-02-03,Active
100326,NVX-100326,Natural Metal Coffee Table,Lumina,2392,Home Office,Office Chair,Mid-Range,47.78,99.66,0.5206,2026-03-10,Active
100327,NVX-100327,Comfort Oak Lamp,Lumina,2059,Kitchen,Dining Table,Entry,34.29,71.81,0.5225,2025-01-19,Active
100328,NVX-100328,Premium Ceramic Table,Lumina,2193,Decoration,Wall Art,Premium,93.11,177.5,0.4754,2021-10-26,Active
100329,NVX-100329,Nordic Velvet Coffee Table,Forma Casa,2107,Living Room,Coffee Table,Mid-Range,832.51,1415.6,0.4119,2025-10-04,Active
100330,NVX-100330,Compact Bamboo Coffee Table,Green Habitat,2265,Storage,Cabinet,Mid-Range,136.79,302.24,0.5474,2025-09-14,Active
100331,NVX-100331,Signature Ceramic Outdoor Chair,Novexa Essentials,2315,Garden,Outdoor Table,Premium,74.52,149.62,0.5019,2020-11-19,Active
100332,NVX-100332,Premium Metal Vanity Unit,Oak & Stone,2334,Kitchen,Kitchen Shelf,Entry,51.97,112.75,0.5391,2024-07-25,Active
100333,NVX-100333,Classic Oak Pendant Light,Green Habitat,2269,Home Office,Office Chair,Premium,95.1,163.3,0.4176,2026-08-06,Active
100334,NVX-100334,Modern Fabric Wall Light,Atelier Home,2263,Bathroom,Storage Cabinet,Premium,61.48,111.0,0.4461,2025-03-03,Active
100335,NVX-100335,Premium Oak Metal Rack,Forma Casa,2140,Decoration,Clock,Premium,77.97,161.35,0.5168,2025-03-15,Active
100336,NVX-100336,Classic Fabric Coffee Table,Lumina,2046,Garden,Outdoor Chair,Entry,66.61,133.09,0.4995,2023-03-25,Active
100337,NVX-100337,Compact Steel Sideboard,Green Habitat,2177,Storage,Cabinet,Mid-Range,199.11,386.72,0.4851,2024-05-30,Active
100338,NVX-100338,Comfort Walnut Outdoor Table,UrbanNest,2197,Storage,Plastic Box,Entry,159.57,303.37,0.474,2021-05-16,Active
100339,NVX-100339,Nordic Ceramic Pendant Light,Nordic Living,2010,Storage,Plastic Box,Premium,107.1,228.34,0.531,2020-03-08,Active
100340,NVX-100340,Nordic Velvet Desk,Novexa Essentials,2114,Storage,Cabinet,Mid-Range,167.28,304.08,0.4499,2021-07-27,Active
100341,NVX-100341,Contemporary Rattan Office Chair,Nordic Living,2063,Storage,Cabinet,Mid-Range,153.13,272.61,0.4383,2020-03-10,Active
100342,NVX-100342,Smart Walnut Metal Rack,UrbanNest,2194,Living Room,Sideboard,Mid-Range,316.17,546.66,0.4216,2025-05-31,Active
100343,NVX-100343,Comfort Steel Bar Stool,Nordic Living,2177,Decoration,Clock,Mid-Range,90.43,162.93,0.445,2024-03-20,Discontinued
100344,NVX-100344,Modern Velvet Drawer,Atelier Home,2057,Kitchen,Kitchen Cabinet,Premium,36.8,78.09,0.5287,2021-07-04,Active
100345,NVX-100345,Smart Glass Chest of Drawers,Oak & Stone,2071,Living Room,Rug,Entry,496.91,845.47,0.4123,2026-04-13,Active
100346,NVX-100346,Minimalist Ceramic Planter,UrbanNest,2051,Bedroom,Wardrobe,Entry,205.52,354.53,0.4203,2022-05-15,Active
100347,NVX-100347,Essential Rattan Office Chair,Nordic Living,2330,Living Room,Coffee Table,Mid-Range,604.08,927.05,0.3484,2025-09-10,Active
100348,NVX-100348,Natural Oak Planter,Forma Casa,2124,Lighting,Table Lamp,Entry,101.07,228.72,0.5581,2022-11-17,Active
100349,NVX-100349,Minimalist Ceramic Basket,Oak & Stone,2355,Bedroom,Dresser,Mid-Range,363.74,635.63,0.4277,2022-08-08,Active
100350,NVX-100350,Compact Fabric Floor Lamp,UrbanNest,2002,Lighting,Floor Lamp,Premium,39.92,93.3,0.5721,2020-07-22,Active
100351,NVX-100351,Urban Walnut Mirror,Atelier Home,2395,Living Room,Armchair,Premium,932.77,1373.77,0.321,2020-10-15,Active
100352,NVX-100352,Urban Marble Kitchen Island,Novexa Essentials,2033,Home Office,Desk,Premium,76.68,161.87,0.5263,2026-01-31,Active
100353,NVX-100353,Vintage Velvet Floor Lamp,Green Habitat,2204,Kitchen,Kitchen Shelf,Premium,46.18,89.41,0.4835,2021-10-13,Active
100354,NVX-100354,Contemporary Oak Outdoor Table,Linea Design,2165,Bathroom,Storage Cabinet,Entry,56.28,105.36,0.4658,2025-12-12,Active
100355,NVX-100355,Nordic Bamboo Wardrobe,Forma Casa,2005,Living Room,Corner Sofa,Mid-Range,1060.56,1812.89,0.415,2025-05-31,Active
100356,NVX-100356,Premium Marble Shelf,Novexa Essentials,2058,Living Room,TV Unit,Entry,629.02,1100.44,0.4284,2024-11-26,Active
100357,NVX-100357,Nordic Steel Desk Lamp,Novexa Essentials,2282,Storage,Basket,Entry,86.24,166.62,0.4824,2022-04-21,Active
100358,NVX-100358,Contemporary Marble Pendant Light,UrbanNest,2270,Garden,Outdoor Chair,Mid-Range,70.66,118.14,0.4019,2024-08-26,Active
100359,NVX-100359,Classic Steel Bookcase,Novexa Essentials,2339,Garden,Outdoor Table,Mid-Range,52.72,104.61,0.496,2025-11-09,Active
100360,NVX-100360,Essential Velvet Cabinet,Oak & Stone,2346,Kitchen,Kitchen Island,Entry,28.66,51.43,0.4427,2026-08-16,Active
100361,NVX-100361,Elegant Marble Storage Cabinet,Green Habitat,2326,Decoration,Mirror,Mid-Range,48.97,82.88,0.4091,2026-05-08,Active
100362,NVX-100362,Minimalist Oak Office Desk,Linea Design,2201,Decoration,Mirror,Premium,31.44,53.31,0.4102,2023-12-30,Active
100363,NVX-100363,Natural Pine Floor Lamp,Linea Design,2113,Living Room,Sideboard,Entry,1007.29,1606.84,0.3731,2022-11-16,Active
100364,NVX-100364,Nordic Rattan Planter,UrbanNest,2058,Kitchen,Kitchen Cabinet,Entry,45.16,99.26,0.545,2024-02-22,Active
100365,NVX-100365,Natural Walnut Storage Cabinet,Lumina,2211,Storage,Plastic Box,Entry,128.62,283.24,0.5459,2024-10-24,Active
100366,NVX-100366,Contemporary Oak Storage Cabinet,HomeCraft,2187,Decoration,Vase,Entry,73.02,150.11,0.5136,2026-10-24,Active
100367,NVX-100367,Classic Marble Cabinet,Atelier Home,2163,Garden,Outdoor Chair,Entry,73.67,129.02,0.429,2026-11-07,Active
100368,NVX-100368,Contemporary Steel Dining Table,Oak & Stone,2283,Lighting,Desk Lamp,Entry,28.55,69.31,0.5881,2021-11-19,Active
100369,NVX-100369,Urban Rattan Coffee Table,Lumina,2176,Lighting,Table Lamp,Mid-Range,74.54,141.92,0.4748,2022-02-01,Active
100370,NVX-100370,Signature Walnut Pendant Light,HomeCraft,2252,Living Room,Coffee Table,Mid-Range,759.19,1230.77,0.3832,2022-05-15,Active
100371,NVX-100371,Minimalist Fabric Office Chair,Green Habitat,2126,Lighting,Table Lamp,Mid-Range,85.8,164.32,0.4778,2024-04-22,Active
100372,NVX-100372,Nordic Steel Dining Table,Green Habitat,2332,Home Office,Bookcase,Premium,74.42,143.02,0.4797,2021-02-26,Active
100373,NVX-100373,Contemporary Glass Wardrobe,Oak & Stone,2368,Living Room,Sideboard,Premium,527.82,894.76,0.4101,2023-10-25,Active
100374,NVX-100374,Nordic Steel Mirror,HomeCraft,2259,Bedroom,Bed,Entry,397.91,675.4,0.4109,2020-12-20,Active
100375,NVX-100375,Vintage Oak Outdoor Chair,Green Habitat,2084,Home Office,Desk,Mid-Range,130.76,257.56,0.4923,2026-08-17,Active
100376,NVX-100376,Elegant Marble Mirror,Forma Casa,2285,Bedroom,Bed,Entry,375.41,663.15,0.4339,2022-08-22,Active
100377,NVX-100377,Nordic Rattan Lamp,Novexa Essentials,2322,Decoration,Wall Art,Premium,32.96,68.12,0.5161,2026-07-17,Active
100378,NVX-100378,Vintage Glass Storage Box,Green Habitat,2330,Kitchen,Kitchen Shelf,Entry,36.4,71.42,0.4903,2020-11-25,Active
100379,NVX-100379,Compact Metal Floor Lamp,UrbanNest,2334,Kitchen,Bar Stool,Entry,31.56,59.64,0.4708,2025-06-29,Active
100380,NVX-100380,Minimalist Rattan Drawer,Linea Design,2175,Living Room,Bookcase,Premium,431.54,643.88,0.3298,2023-04-24,Active
100381,NVX-100381,Smart Marble Nightstand,Atelier Home,2302,Decoration,Clock,Entry,35.04,76.11,0.5396,2022-06-19,Active
100382,NVX-100382,Comfort Oak Wall Light,Green Habitat,2228,Garden,Garden Storage,Entry,97.36,174.54,0.4422,2022-09-20,Discontinued
100383,NVX-100383,Urban Rattan Office Desk,HomeCraft,2130,Garden,Sun Lounger,Premium,120.72,219.76,0.4507,2024-06-06,Active
100384,NVX-100384,Modern Fabric Shelf,Atelier Home,2072,Living Room,Sofa,Premium,730.63,1295.47,0.436,2023-11-12,Active
100385,NVX-100385,Comfort Steel Basket,Atelier Home,2059,Home Office,Filing Cabinet,Premium,34.69,67.65,0.4872,2025-11-27,Active
100386,NVX-100386,Signature Oak Outdoor Table,Oak & Stone,2287,Lighting,Pendant Light,Premium,31.67,71.44,0.5567,2023-08-16,Active
100387,NVX-100387,Signature Glass Desk Lamp,Novexa Essentials,2327,Garden,Sun Lounger,Mid-Range,77.3,137.38,0.4373,2024-06-12,Active
100388,NVX-100388,Classic Pine TV Unit,UrbanNest,2151,Living Room,Armchair,Mid-Range,587.01,870.52,0.3257,2022-05-20,Active
100389,NVX-100389,Minimalist Marble Pendant Light,Nordic Living,2368,Lighting,Desk Lamp,Mid-Range,50.64,104.81,0.5168,2026-06-20,Active
100390,NVX-100390,Compact Metal Outdoor Table,Forma Casa,2010,Living Room,Rug,Premium,718.65,1200.43,0.4013,2024-01-31,Active
100391,NVX-100391,Smart Glass BBQ,Green Habitat,2074,Bathroom,Mirror,Mid-Range,33.69,72.45,0.535,2025-05-26,Active
100392,NVX-100392,Minimalist Velvet Planter,Atelier Home,2046,Lighting,Desk Lamp,Mid-Range,75.83,148.76,0.4903,2020-03-04,Active
100393,NVX-100393,Signature Fabric Bench,Atelier Home,2224,Decoration,Vase,Entry,123.04,208.0,0.4085,2024-02-13,Active
100394,NVX-100394,Classic Ceramic Wardrobe,Oak & Stone,2204,Living Room,Rug,Entry,861.82,1411.48,0.3894,2021-10-19,Active
100395,NVX-100395,Elegant Walnut Storage Box,HomeCraft,2242,Kitchen,Bar Stool,Mid-Range,44.91,75.74,0.4071,2026-10-18,Active
100396,NVX-100396,Essential Marble Wardrobe,Forma Casa,2334,Bedroom,Wardrobe,Premium,459.91,710.69,0.3529,2024-03-13,Active
100397,NVX-100397,Compact Metal Outdoor Chair,Novexa Essentials,2296,Bathroom,Storage Cabinet,Mid-Range,60.6,130.59,0.536,2026-07-18,Discontinued
100398,NVX-100398,Natural Walnut Bar Stool,Linea Design,2326,Bedroom,Nightstand,Premium,573.84,1027.42,0.4415,2020-05-27,Active
100399,NVX-100399,Essential Velvet Sofa,Green Habitat,2290,Garden,BBQ,Entry,97.83,164.91,0.4068,2026-01-07,Active
100400,NVX-100400,Contemporary Metal Basket,HomeCraft,2256,Kitchen,Kitchen Shelf,Entry,44.37,76.06,0.4166,2022-01-26,Active
100401,NVX-100401,Vintage Oak Wardrobe,HomeCraft,2283,Lighting,Desk Lamp,Mid-Range,42.82,86.17,0.5031,2025-09-03,Active
100402,NVX-100402,Compact Pine Storage Cabinet,Forma Casa,2124,Decoration,Cushion,Mid-Range,105.7,230.95,0.5423,2025-03-15,Active
100403,NVX-100403,Natural Metal Drawer,Green Habitat,2136,Lighting,Pendant Light,Mid-Range,66.9,165.16,0.5949,2024-02-22,Active
100404,NVX-100404,Contemporary Rattan Lamp,Nordic Living,2279,Living Room,Sideboard,Mid-Range,1059.04,1536.34,0.3107,2024-03-08,Active
100405,NVX-100405,Nordic Marble Dining Table,Linea Design,2225,Storage,Cabinet,Entry,221.32,478.74,0.5377,2021-12-22,Active
100406,NVX-100406,Nordic Pine Bed,Linea Design,2325,Lighting,Desk Lamp,Mid-Range,61.64,134.26,0.5409,2026-01-26,Active
100407,NVX-100407,Classic Pine Desk,UrbanNest,2281,Living Room,Coffee Table,Mid-Range,1088.43,1968.9,0.4472,2020-08-04,Active
100408,NVX-100408,Natural Bamboo Storage Cabinet,Lumina,2040,Storage,Plastic Box,Entry,107.92,231.31,0.5334,2026-06-11,Active
100409,NVX-100409,Elegant Glass Vanity Unit,HomeCraft,2084,Garden,Planter,Premium,90.46,167.86,0.4611,2024-11-16,Active
100410,NVX-100410,Classic Oak BBQ,Forma Casa,2054,Home Office,Bookcase,Premium,51.26,87.53,0.4144,2024-08-18,Active
100411,NVX-100411,Modern Walnut Sofa,Oak & Stone,2207,Bathroom,Vanity Unit,Entry,50.58,90.37,0.4403,2023-07-26,Active
100412,NVX-100412,Comfort Velvet Outdoor Table,Oak & Stone,2071,Storage,Cabinet,Entry,207.48,437.39,0.5256,2022-09-15,Active
100413,NVX-100413,Nordic Rattan Lamp,Nordic Living,2252,Garden,Outdoor Table,Entry,54.68,105.54,0.4819,2026-01-08,Active
100414,NVX-100414,Minimalist Fabric Mirror,HomeCraft,2219,Storage,Metal Rack,Mid-Range,82.39,173.55,0.5253,2023-03-24,Active
100415,NVX-100415,Urban Walnut Lamp,Linea Design,2047,Living Room,Corner Sofa,Mid-Range,642.91,1028.41,0.3749,2025-03-01,Active
100416,NVX-100416,Premium Walnut Metal Rack,Green Habitat,2216,Bedroom,Wardrobe,Mid-Range,238.55,382.1,0.3757,2025-07-30,Active
100417,NVX-100417,Natural Marble BBQ,HomeCraft,2346,Lighting,Table Lamp,Mid-Range,65.76,150.62,0.5634,2020-10-14,Active
100418,NVX-100418,Compact Rattan TV Unit,Lumina,2266,Living Room,Armchair,Mid-Range,555.92,830.3,0.3305,2020-09-03,Active
100419,NVX-100419,Nordic Velvet Vanity Unit,Novexa Essentials,2237,Garden,BBQ,Entry,38.57,72.53,0.4682,2026-07-16,Active
100420,NVX-100420,Elegant Pine Desk Lamp,Lumina,2043,Bathroom,Vanity Unit,Mid-Range,43.36,94.83,0.5428,2025-07-13,Active
100421,NVX-100421,Classic Fabric TV Unit,Atelier Home,2058,Home Office,Filing Cabinet,Mid-Range,71.97,148.64,0.5158,2022-12-02,Active
100422,NVX-100422,Premium Oak Mirror,UrbanNest,2379,Bathroom,Vanity Unit,Entry,48.84,94.83,0.485,2023-05-16,Active
100423,NVX-100423,Vintage Marble Shelf,UrbanNest,2094,Storage,Basket,Entry,96.57,176.04,0.4514,2023-12-02,Active
100424,NVX-100424,Natural Metal Shelf,Lumina,2045,Garden,Garden Storage,Mid-Range,64.51,110.67,0.4171,2022-11-17,Active
100425,NVX-100425,Elegant Glass Outdoor Chair,Oak & Stone,2156,Living Room,Coffee Table,Mid-Range,586.03,935.41,0.3735,2024-05-17,Active
100426,NVX-100426,Natural Oak Storage Box,UrbanNest,2197,Garden,BBQ,Mid-Range,89.14,154.8,0.4242,2022-11-10,Active
100427,NVX-100427,Premium Glass Mirror,Lumina,2085,Kitchen,Dining Chair,Premium,36.3,61.84,0.413,2024-03-23,Active
100428,NVX-100428,Premium Oak Sideboard,UrbanNest,2026,Living Room,Bookcase,Entry,633.57,905.28,0.3001,2025-06-25,Active
100429,NVX-100429,Modern Rattan Floor Lamp,Atelier Home,2098,Lighting,Pendant Light,Entry,77.83,145.91,0.4666,2025-05-11,Active
100430,NVX-100430,Contemporary Bamboo Mirror,Novexa Essentials,2375,Garden,Planter,Premium,65.19,123.75,0.4732,2024-03-29,Discontinued
100431,NVX-100431,Premium Velvet Pendant Light,Linea Design,2304,Home Office,Office Chair,Mid-Range,62.46,136.6,0.5428,2024-05-21,Active
100432,NVX-100432,Contemporary Ceramic Shelf,Atelier Home,2010,Living Room,Corner Sofa,Premium,1032.39,1766.47,0.4156,2020-06-24,Active
100433,NVX-100433,Urban Metal TV Unit,Lumina,2299,Garden,Planter,Entry,107.1,237.49,0.549,2020-08-20,Discontinued
100434,NVX-100434,Nordic Pine Wall Light,UrbanNest,2112,Kitchen,Kitchen Island,Entry,27.24,58.93,0.5378,2026-06-29,Discontinued
100435,NVX-100435,Nordic Marble Storage Box,Novexa Essentials,2139,Home Office,Desk,Mid-Range,111.0,192.82,0.4243,2022-01-23,Active
100436,NVX-100436,Modern Rattan Desk,Forma Casa,2356,Storage,Plastic Box,Mid-Range,213.13,447.7,0.5239,2026-01-26,Active
100437,NVX-100437,Signature Marble Bed,Nordic Living,2213,Lighting,Wall Light,Entry,30.98,64.55,0.5201,2025-06-06,Active
100438,NVX-100438,Essential Walnut Kitchen Island,Nordic Living,2049,Home Office,Office Chair,Mid-Range,101.45,207.55,0.5112,2024-04-09,Active
100439,NVX-100439,Essential Metal Bar Stool,Atelier Home,2052,Living Room,Coffee Table,Mid-Range,794.57,1222.97,0.3503,2025-12-31,Active
100440,NVX-100440,Smart Metal Outdoor Chair,Green Habitat,2303,Decoration,Vase,Mid-Range,36.52,64.11,0.4304,2026-10-08,Active
100441,NVX-100441,Classic Glass Pendant Light,UrbanNest,2046,Bedroom,Bed,Entry,223.44,394.56,0.4337,2026-01-14,Active
100442,NVX-100442,Signature Marble TV Unit,Lumina,2042,Bedroom,Chest of Drawers,Mid-Range,285.9,445.32,0.358,2022-12-08,Active
100443,NVX-100443,Essential Ceramic Outdoor Table,HomeCraft,2315,Storage,Plastic Box,Premium,168.39,371.91,0.5472,2020-08-02,Active
100444,NVX-100444,Vintage Oak Bench,Novexa Essentials,2143,Bathroom,Tall Cabinet,Entry,65.87,115.33,0.4289,2020-08-31,Discontinued
100445,NVX-100445,Vintage Metal Dining Table,Green Habitat,2207,Lighting,Desk Lamp,Mid-Range,71.57,136.19,0.4745,2022-07-09,Active
100446,NVX-100446,Compact Bamboo Lamp,Forma Casa,2229,Living Room,Rug,Entry,911.46,1307.37,0.3028,2021-02-04,Active
100447,NVX-100447,Premium Velvet Storage Box,Green Habitat,2303,Bathroom,Tall Cabinet,Entry,44.0,78.34,0.4383,2022-02-28,Active
100448,NVX-100448,Smart Fabric Vanity Unit,Novexa Essentials,2349,Garden,Planter,Mid-Range,134.75,269.13,0.4993,2020-12-12,Active
100449,NVX-100449,Natural Glass Desk,Green Habitat,2293,Living Room,Corner Sofa,Premium,327.3,503.1,0.3494,2020-04-12,Active
100450,NVX-100450,Compact Ceramic Sideboard,Green Habitat,2293,Decoration,Vase,Mid-Range,34.0,60.31,0.4362,2022-11-25,Active
100451,NVX-100451,Premium Fabric Kitchen Island,HomeCraft,2118,Living Room,Sofa,Mid-Range,646.13,1163.11,0.4445,2022-11-02,Active
100452,NVX-100452,Comfort Metal Wall Light,Lumina,2144,Decoration,Clock,Premium,117.01,236.85,0.506,2024-08-08,Active
100453,NVX-100453,Modern Pine Office Chair,Lumina,2067,Bedroom,Wardrobe,Mid-Range,509.54,872.54,0.416,2026-10-26,Active
100454,NVX-100454,Contemporary Pine Cabinet,HomeCraft,2121,Decoration,Wall Art,Mid-Range,62.24,118.25,0.4737,2025-03-13,Active
100455,NVX-100455,Modern Steel Cabinet,Green Habitat,2084,Garden,Garden Storage,Premium,59.96,116.22,0.4841,2020-05-25,Active
100456,NVX-100456,Premium Steel Chest of Drawers,Novexa Essentials,2017,Home Office,Bookcase,Mid-Range,81.59,173.43,0.5296,2024-11-28,Active
100457,NVX-100457,Essential Bamboo Chest of Drawers,Novexa Essentials,2311,Living Room,TV Unit,Entry,338.59,615.17,0.4496,2022-10-24,Active
100458,NVX-100458,Signature Ceramic BBQ,Novexa Essentials,2009,Living Room,Sideboard,Mid-Range,414.85,636.21,0.3479,2024-07-14,Active
100459,NVX-100459,Premium Velvet Kitchen Island,Linea Design,2015,Decoration,Cushion,Entry,118.26,256.8,0.5395,2026-11-26,Active
100460,NVX-100460,Essential Steel Bookcase,Lumina,2207,Kitchen,Bar Stool,Mid-Range,36.66,76.75,0.5223,2021-11-24,Active
100461,NVX-100461,Modern Pine Wall Light,Linea Design,2047,Lighting,Wall Light,Mid-Range,46.66,101.65,0.541,2022-03-02,Active
100462,NVX-100462,Natural Velvet TV Unit,Green Habitat,2378,Garden,Planter,Entry,123.89,221.78,0.4414,2024-03-03,Active
100463,NVX-100463,Premium Bamboo Office Desk,Linea Design,2208,Bathroom,Tall Cabinet,Mid-Range,58.33,100.04,0.4169,2026-01-10,Active
100464,NVX-100464,Premium Marble Metal Rack,Forma Casa,2189,Kitchen,Kitchen Shelf,Entry,27.47,53.86,0.49,2026-01-19,Active
100465,NVX-100465,Urban Velvet Floor Lamp,Green Habitat,2268,Decoration,Cushion,Entry,58.1,114.1,0.4908,2021-05-06,Active
100466,NVX-100466,Compact Metal BBQ,Oak & Stone,2228,Garden,BBQ,Entry,61.27,123.77,0.505,2020-12-24,Active
100467,NVX-100467,Compact Bamboo Drawer,Oak & Stone,2190,Home Office,Filing Cabinet,Premium,62.38,127.21,0.5096,2022-01-29,Active
100468,NVX-100468,Smart Rattan Pendant Light,Novexa Essentials,2135,Kitchen,Kitchen Shelf,Mid-Range,29.75,63.97,0.5349,2022-07-15,Active
100469,NVX-100469,Natural Glass Mirror,Forma Casa,2186,Home Office,Office Chair,Mid-Range,74.69,132.85,0.4378,2022-02-08,Active
100470,NVX-100470,Natural Fabric Shelf,Linea Design,2189,Lighting,Floor Lamp,Mid-Range,27.12,53.85,0.4964,2024-03-03,Active
100471,NVX-100471,Nordic Oak Mirror,Linea Design,2312,Storage,Basket,Mid-Range,157.37,265.86,0.4081,2023-03-20,Active
100472,NVX-100472,Comfort Bamboo Pendant Light,Novexa Essentials,2348,Kitchen,Dining Chair,Mid-Range,25.07,44.56,0.4374,2025-07-21,Active
100473,NVX-100473,Classic Pine Armchair,Atelier Home,2066,Kitchen,Dining Chair,Entry,51.42,99.14,0.4813,2022-12-14,Active
100474,NVX-100474,Premium Ceramic Pendant Light,Nordic Living,2262,Lighting,Pendant Light,Mid-Range,78.98,147.78,0.4656,2026-01-01,Active
100475,NVX-100475,Urban Pine Nightstand,Green Habitat,2203,Storage,Metal Rack,Mid-Range,148.86,296.89,0.4986,2026-09-14,Active
100476,NVX-100476,Contemporary Bamboo Dining Table,Linea Design,2298,Decoration,Cushion,Entry,40.26,84.39,0.5229,2024-11-24,Active
100477,NVX-100477,Signature Oak Drawer,Green Habitat,2351,Living Room,Rug,Mid-Range,446.02,694.4,0.3577,2024-07-10,Active
100478,NVX-100478,Urban Steel Wardrobe,Lumina,2079,Living Room,Rug,Mid-Range,856.5,1229.6,0.3034,2022-07-11,Active
100479,NVX-100479,Nordic Pine Coffee Table,Lumina,2180,Decoration,Cushion,Mid-Range,110.78,222.63,0.5024,2026-05-05,Active
100480,NVX-100480,Comfort Bamboo TV Unit,Lumina,2117,Storage,Shelf,Mid-Range,137.67,299.45,0.5403,2025-09-20,Active
100481,NVX-100481,Nordic Metal Dining Table,UrbanNest,2395,Living Room,Corner Sofa,Entry,410.64,592.69,0.3072,2025-01-13,Active
100482,NVX-100482,Nordic Ceramic Bar Stool,HomeCraft,2105,Bedroom,Dresser,Mid-Range,227.74,403.91,0.4362,2020-10-08,Active
100483,NVX-100483,Comfort Pine Bed,Lumina,2076,Garden,Garden Storage,Mid-Range,39.0,69.54,0.4392,2022-10-21,Active
100484,NVX-100484,Classic Metal Vanity Unit,UrbanNest,2183,Home Office,Filing Cabinet,Mid-Range,93.04,166.02,0.4396,2021-01-14,Active
100485,NVX-100485,Comfort Steel Kitchen Island,Linea Design,2283,Kitchen,Bar Stool,Mid-Range,26.56,45.65,0.4182,2022-03-01,Active
100486,NVX-100486,Signature Pine Pendant Light,Green Habitat,2273,Storage,Metal Rack,Mid-Range,83.17,179.94,0.5378,2026-12-25,Active
100487,NVX-100487,Elegant Glass Outdoor Table,Linea Design,2359,Decoration,Wall Art,Mid-Range,110.21,213.31,0.4833,2024-10-02,Active
100488,NVX-100488,Elegant Glass Dining Table,Linea Design,2194,Lighting,Floor Lamp,Mid-Range,88.99,217.05,0.59,2024-05-13,Discontinued
100489,NVX-100489,Classic Steel Shelf,HomeCraft,2058,Kitchen,Dining Chair,Entry,52.78,99.68,0.4705,2022-07-25,Active
100490,NVX-100490,Contemporary Steel Bar Stool,Linea Design,2370,Home Office,Desk,Mid-Range,70.38,139.36,0.495,2021-12-20,Active
100491,NVX-100491,Urban Steel Chair,HomeCraft,2008,Lighting,Wall Light,Mid-Range,59.54,126.39,0.5289,2026-01-01,Active
100492,NVX-100492,Nordic Fabric Bar Stool,HomeCraft,2058,Garden,Garden Storage,Premium,44.85,99.08,0.5473,2024-09-14,Active
100493,NVX-100493,Nordic Marble Dining Table,Atelier Home,2242,Garden,Outdoor Chair,Entry,100.39,197.78,0.4924,2025-04-14,Active
100494,NVX-100494,Smart Metal Chair,Nordic Living,2126,Storage,Shelf,Entry,185.2,326.6,0.4329,2022-07-09,Active
100495,NVX-100495,Essential Oak Metal Rack,Linea Design,2272,Decoration,Mirror,Mid-Range,46.82,81.22,0.4235,2023-05-20,Active
100496,NVX-100496,Compact Pine Cabinet,Nordic Living,2240,Living Room,Bookcase,Premium,579.34,939.03,0.383,2024-04-22,Active
100497,NVX-100497,Classic Pine Bar Stool,Oak & Stone,2396,Bathroom,Mirror,Mid-Range,49.12,100.04,0.509,2026-12-20,Active
100498,NVX-100498,Compact Walnut Vanity Unit,HomeCraft,2049,Decoration,Cushion,Entry,98.37,176.09,0.4414,2026-11-02,Active
100499,NVX-100499,Premium Glass Vanity Unit,Forma Casa,2384,Kitchen,Dining Table,Entry,36.97,62.89,0.4121,2024-03-26,Active
100500,NVX-100500,Contemporary Walnut Sofa,Oak & Stone,2179,Decoration,Mirror,Premium,34.97,64.82,0.4605,2026-05-01,Active
100501,NVX-100501,Signature Walnut TV Unit,Forma Casa,2125,Kitchen,Kitchen Island,Mid-Range,40.55,67.89,0.4027,2024-02-01,Active
100502,NVX-100502,Natural Oak Dining Table,Atelier Home,2236,Living Room,Sideboard,Premium,782.94,1252.84,0.3751,2026-08-10,Active
100503,NVX-100503,Nordic Fabric Cabinet,Atelier Home,2057,Living Room,Rug,Mid-Range,739.54,1071.87,0.31,2025-01-25,Active
100504,NVX-100504,Natural Pine Sofa,Linea Design,2287,Lighting,Desk Lamp,Entry,37.1,79.15,0.5313,2022-05-05,Active
100505,NVX-100505,Natural Oak Kitchen Island,Green Habitat,2202,Lighting,Floor Lamp,Mid-Range,55.5,107.27,0.4826,2026-07-16,Active
100506,NVX-100506,Vintage Metal Planter,Novexa Essentials,2214,Storage,Basket,Mid-Range,138.19,246.85,0.4402,2022-06-02,Active
100507,NVX-100507,Smart Fabric Kitchen Island,Green Habitat,2005,Living Room,Coffee Table,Entry,879.13,1380.52,0.3632,2024-12-16,Active
100508,NVX-100508,Contemporary Velvet Lamp,Nordic Living,2317,Bathroom,Vanity Unit,Entry,41.73,74.93,0.4431,2020-01-28,Active
100509,NVX-100509,Classic Bamboo Mirror,Oak & Stone,2074,Kitchen,Dining Chair,Mid-Range,46.06,94.39,0.512,2026-05-01,Active
100510,NVX-100510,Nordic Metal Floor Lamp,Atelier Home,2170,Kitchen,Dining Chair,Mid-Range,48.9,89.28,0.4523,2020-01-04,Active
100511,NVX-100511,Vintage Ceramic Outdoor Chair,Lumina,2193,Kitchen,Dining Table,Mid-Range,54.05,118.57,0.5442,2020-06-06,Active
100512,NVX-100512,Natural Glass Desk,Lumina,2212,Garden,Outdoor Chair,Mid-Range,42.82,84.12,0.491,2020-07-25,Active
100513,NVX-100513,Smart Rattan Bed,Nordic Living,2074,Bathroom,Mirror,Premium,45.34,79.99,0.4332,2021-02-11,Active
100514,NVX-100514,Classic Glass Lamp,Oak & Stone,2262,Living Room,Coffee Table,Mid-Range,579.08,860.98,0.3274,2023-04-25,Active
100515,NVX-100515,Minimalist Marble Nightstand,Novexa Essentials,2090,Home Office,Office Chair,Mid-Range,80.47,153.27,0.475,2021-11-25,Active
100516,NVX-100516,Contemporary Marble Outdoor Chair,Forma Casa,2088,Bedroom,Bed,Entry,336.82,574.3,0.4135,2024-08-06,Active
100517,NVX-100517,Modern Fabric Office Desk,Nordic Living,2198,Decoration,Clock,Mid-Range,83.21,164.83,0.4952,2024-08-03,Active
100518,NVX-100518,Essential Oak Office Chair,Atelier Home,2250,Home Office,Office Chair,Premium,71.58,121.37,0.4102,2020-05-03,Active
100519,NVX-100519,Comfort Metal Bench,Nordic Living,2040,Garden,Outdoor Chair,Entry,64.05,131.06,0.5113,2022-05-08,Active
100520,NVX-100520,Premium Glass Nightstand,Nordic Living,2094,Living Room,Sofa,Entry,561.97,870.79,0.3546,2024-09-28,Active
100521,NVX-100521,Vintage Rattan Storage Box,Green Habitat,2344,Home Office,Filing Cabinet,Mid-Range,64.58,131.34,0.5083,2025-10-18,Active
100522,NVX-100522,Natural Oak Floor Lamp,Atelier Home,2367,Kitchen,Kitchen Shelf,Entry,35.66,74.97,0.5243,2023-07-29,Active
100523,NVX-100523,Premium Marble Drawer,Oak & Stone,2098,Storage,Shelf,Mid-Range,82.13,177.07,0.5362,2021-05-30,Active
100524,NVX-100524,Essential Steel Wardrobe,Linea Design,2342,Kitchen,Kitchen Shelf,Premium,38.37,84.58,0.5463,2026-05-26,Active
100525,NVX-100525,Minimalist Bamboo Outdoor Chair,Atelier Home,2358,Bathroom,Mirror,Mid-Range,77.1,141.96,0.4569,2025-02-03,Active
100526,NVX-100526,Vintage Metal Kitchen Island,Atelier Home,2012,Storage,Cabinet,Premium,149.41,297.95,0.4985,2025-09-08,Active
100527,NVX-100527,Compact Fabric Nightstand,Green Habitat,2114,Decoration,Cushion,Premium,72.25,158.93,0.5454,2025-01-04,Discontinued
100528,NVX-100528,Elegant Metal Storage Box,Novexa Essentials,2215,Living Room,Sofa,Mid-Range,953.61,1368.15,0.303,2021-11-17,Active
100529,NVX-100529,Compact Ceramic Bar Stool,Novexa Essentials,2353,Living Room,Rug,Premium,560.07,988.68,0.4335,2025-03-22,Active
100530,NVX-100530,Natural Glass TV Unit,Novexa Essentials,2182,Kitchen,Kitchen Cabinet,Mid-Range,25.74,49.54,0.4804,2025-01-03,Active
100531,NVX-100531,Smart Steel Armchair,HomeCraft,2339,Bathroom,Vanity Unit,Premium,48.42,91.92,0.4732,2021-03-13,Active
100532,NVX-100532,Compact Oak Bed,Green Habitat,2239,Home Office,Desk,Premium,77.3,134.7,0.4261,2020-10-01,Active
100533,NVX-100533,Compact Rattan Dining Table,Nordic Living,2047,Bedroom,Dresser,Mid-Range,413.07,739.92,0.4417,2020-12-24,Active
100534,NVX-100534,Modern Rattan Lamp,UrbanNest,2270,Bathroom,Storage Cabinet,Mid-Range,44.59,92.8,0.5195,2026-05-18,Active
100535,NVX-100535,Premium Steel Wardrobe,HomeCraft,2373,Kitchen,Kitchen Island,Mid-Range,29.24,49.14,0.405,2020-08-05,Active
100536,NVX-100536,Elegant Velvet Bar Stool,Forma Casa,2327,Bedroom,Chest of Drawers,Entry,327.41,584.2,0.4396,2021-06-17,Active
100537,NVX-100537,Comfort Ceramic Basket,Green Habitat,2089,Decoration,Mirror,Entry,83.42,155.23,0.4626,2021-11-16,Active
100538,NVX-100538,Contemporary Metal Sideboard,UrbanNest,2252,Storage,Cabinet,Mid-Range,64.83,132.5,0.5107,2023-04-12,Active
100539,NVX-100539,Signature Bamboo Planter,Novexa Essentials,2117,Living Room,Bookcase,Mid-Range,399.85,598.76,0.3322,2022-09-06,Active
100540,NVX-100540,Elegant Walnut Desk Lamp,UrbanNest,2215,Storage,Plastic Box,Entry,125.63,215.53,0.4171,2023-05-10,Active
100541,NVX-100541,Premium Bamboo Outdoor Chair,Nordic Living,2243,Decoration,Vase,Mid-Range,86.23,167.54,0.4853,2025-02-15,Active
100542,NVX-100542,Vintage Velvet TV Unit,UrbanNest,2191,Kitchen,Kitchen Island,Entry,40.91,75.69,0.4595,2020-03-23,Active
100543,NVX-100543,Essential Velvet Chair,Green Habitat,2277,Lighting,Floor Lamp,Mid-Range,32.8,60.19,0.4551,2025-10-31,Active
100544,NVX-100544,Natural Fabric Desk Lamp,HomeCraft,2044,Decoration,Clock,Premium,88.47,167.03,0.4703,2022-10-02,Active
100545,NVX-100545,Premium Ceramic Cabinet,Novexa Essentials,2145,Home Office,Desk,Entry,68.17,116.77,0.4162,2024-06-29,Active
100546,NVX-100546,Premium Metal Planter,Green Habitat,2177,Decoration,Clock,Entry,79.38,143.03,0.445,2021-06-07,Active
100547,NVX-100547,Minimalist Steel Drawer,Novexa Essentials,2052,Bathroom,Mirror,Mid-Range,41.25,90.67,0.5451,2026-02-22,Active
100548,NVX-100548,Minimalist Ceramic Pendant Light,Green Habitat,2206,Lighting,Pendant Light,Entry,83.66,153.68,0.4556,2023-02-05,Active
100549,NVX-100549,Essential Fabric Storage Box,Novexa Essentials,2172,Kitchen,Bar Stool,Premium,39.11,67.19,0.4179,2026-06-11,Active
100550,NVX-100550,Premium Rattan Wall Light,Atelier Home,2129,Home Office,Office Chair,Entry,45.79,82.18,0.4428,2023-11-06,Active
100551,NVX-100551,Premium Rattan Lamp,Lumina,2164,Decoration,Vase,Entry,64.08,117.4,0.4542,2025-07-14,Active
100552,NVX-100552,Comfort Rattan Dining Table,HomeCraft,2123,Living Room,Armchair,Entry,909.23,1489.46,0.3896,2026-12-03,Active
100553,NVX-100553,Minimalist Pine Shelf,HomeCraft,2196,Kitchen,Kitchen Island,Mid-Range,37.68,70.09,0.4624,2020-07-07,Active
100554,NVX-100554,Urban Glass Office Desk,Novexa Essentials,2357,Kitchen,Kitchen Shelf,Mid-Range,33.23,65.91,0.4958,2020-03-03,Active
100555,NVX-100555,Essential Steel Outdoor Table,Atelier Home,2345,Garden,BBQ,Mid-Range,79.29,152.74,0.4809,2024-03-02,Active
100556,NVX-100556,Compact Glass Nightstand,Nordic Living,2322,Home Office,Filing Cabinet,Premium,100.5,176.89,0.4319,2025-07-18,Active
100557,NVX-100557,Essential Oak Storage Cabinet,Linea Design,2397,Home Office,Bookcase,Premium,36.14,73.95,0.5113,2020-01-12,Active
100558,NVX-100558,Contemporary Pine Outdoor Chair,Forma Casa,2355,Garden,Outdoor Table,Entry,66.8,132.08,0.4942,2025-04-05,Discontinued
100559,NVX-100559,Classic Pine Wall Light,Linea Design,2212,Bedroom,Chest of Drawers,Entry,286.64,514.43,0.4428,2020-01-02,Active
100560,NVX-100560,Comfort Fabric Bench,Atelier Home,2338,Living Room,Bookcase,Premium,985.48,1698.33,0.4197,2022-06-10,Active
100561,NVX-100561,Compact Walnut Bar Stool,Linea Design,2380,Kitchen,Kitchen Island,Premium,24.04,44.06,0.4544,2023-07-11,Active
100562,NVX-100562,Elegant Steel Desk,Lumina,2123,Storage,Plastic Box,Premium,144.15,284.21,0.4928,2025-04-14,Active
100563,NVX-100563,Natural Oak Table,HomeCraft,2355,Bedroom,Chest of Drawers,Mid-Range,269.04,473.35,0.4316,2026-10-28,Active
100564,NVX-100564,Compact Steel Nightstand,Lumina,2069,Home Office,Office Chair,Mid-Range,70.79,143.14,0.5054,2026-06-01,Discontinued
100565,NVX-100565,Natural Marble Outdoor Chair,UrbanNest,2107,Bedroom,Nightstand,Mid-Range,338.63,573.78,0.4098,2026-09-17,Active
100566,NVX-100566,Essential Velvet Outdoor Table,UrbanNest,2142,Home Office,Filing Cabinet,Premium,58.04,105.29,0.4488,2026-07-09,Active
100567,NVX-100567,Nordic Rattan Storage Box,Green Habitat,2321,Bedroom,Nightstand,Mid-Range,291.11,472.4,0.3838,2024-04-01,Active
100568,NVX-100568,Smart Metal Wall Light,HomeCraft,2179,Bedroom,Wardrobe,Entry,280.74,483.71,0.4196,2025-05-30,Active
100569,NVX-100569,Modern Oak Nightstand,Lumina,2191,Garden,Garden Storage,Entry,42.77,78.57,0.4556,2022-07-12,Active
100570,NVX-100570,Compact Oak Floor Lamp,Lumina,2023,Kitchen,Kitchen Island,Premium,68.96,119.67,0.4237,2024-02-04,Active
100571,NVX-100571,Comfort Glass Nightstand,Green Habitat,2303,Living Room,Coffee Table,Entry,1092.33,1754.05,0.3773,2026-07-21,Active
100572,NVX-100572,Classic Velvet Planter,HomeCraft,2372,Bedroom,Wardrobe,Premium,302.07,542.58,0.4433,2022-09-03,Active
100573,NVX-100573,Compact Walnut Bed,Linea Design,2265,Bathroom,Vanity Unit,Premium,67.77,136.82,0.5047,2024-03-05,Active
100574,NVX-100574,Classic Bamboo Armchair,Novexa Essentials,2044,Decoration,Clock,Mid-Range,76.12,168.37,0.5479,2022-10-24,Active
100575,NVX-100575,Modern Walnut Outdoor Chair,Oak & Stone,2266,Lighting,Wall Light,Premium,97.51,209.63,0.5348,2026-07-01,Active
100576,NVX-100576,Smart Steel Drawer,Lumina,2310,Living Room,Corner Sofa,Mid-Range,493.59,741.11,0.334,2022-01-30,Active
100577,NVX-100577,Minimalist Bamboo Chair,Linea Design,2234,Decoration,Mirror,Mid-Range,80.64,177.6,0.5459,2022-07-08,Discontinued
100578,NVX-100578,Elegant Walnut Shelf,Forma Casa,2357,Decoration,Clock,Premium,70.62,125.35,0.4366,2024-11-01,Active
100579,NVX-100579,Natural Bamboo Bar Stool,Forma Casa,2125,Storage,Plastic Box,Premium,59.57,101.84,0.4151,2025-04-19,Active
100580,NVX-100580,Nordic Marble Drawer,Linea Design,2370,Living Room,Sofa,Premium,463.21,716.42,0.3534,2021-01-21,Active
100581,NVX-100581,Compact Fabric Wardrobe,Forma Casa,2084,Home Office,Filing Cabinet,Mid-Range,99.57,185.42,0.463,2021-09-03,Active
100582,NVX-100582,Signature Steel Mirror,Novexa Essentials,2298,Kitchen,Dining Chair,Mid-Range,67.85,140.03,0.5155,2026-08-23,Active
100583,NVX-100583,Comfort Glass Outdoor Chair,Green Habitat,2015,Lighting,Desk Lamp,Mid-Range,37.66,68.54,0.4505,2023-03-28,Active
100584,NVX-100584,Classic Walnut Metal Rack,Nordic Living,2310,Home Office,Office Chair,Entry,92.56,198.76,0.5343,2022-09-12,Active
100585,NVX-100585,Classic Steel Basket,UrbanNest,2069,Storage,Plastic Box,Mid-Range,128.01,224.52,0.4299,2024-09-09,Active
100586,NVX-100586,Contemporary Ceramic Kitchen Island,Green Habitat,2066,Living Room,Armchair,Mid-Range,739.65,1058.31,0.3011,2020-09-24,Active
100587,NVX-100587,Essential Velvet Basket,Oak & Stone,2234,Living Room,Rug,Mid-Range,508.98,819.97,0.3793,2020-08-23,Discontinued
100588,NVX-100588,Modern Marble Outdoor Chair,Atelier Home,2035,Kitchen,Kitchen Cabinet,Premium,49.91,95.34,0.4765,2023-01-14,Active
100589,NVX-100589,Nordic Metal Coffee Table,Linea Design,2393,Lighting,Floor Lamp,Mid-Range,93.54,205.71,0.5453,2023-06-11,Active
100590,NVX-100590,Comfort Steel Outdoor Chair,Lumina,2199,Living Room,Sofa,Premium,532.54,881.69,0.396,2022-11-15,Active
100591,NVX-100591,Comfort Marble Pendant Light,UrbanNest,2057,Living Room,Sofa,Mid-Range,636.78,1035.58,0.3851,2020-05-26,Active
100592,NVX-100592,Nordic Metal Office Desk,HomeCraft,2209,Home Office,Office Chair,Mid-Range,120.94,260.52,0.5358,2022-06-18,Active
100593,NVX-100593,Comfort Bamboo Cabinet,Novexa Essentials,2291,Garden,Planter,Mid-Range,101.25,203.94,0.5035,2024-06-22,Active
100594,NVX-100594,Elegant Walnut TV Unit,Green Habitat,2156,Decoration,Mirror,Mid-Range,89.56,193.63,0.5375,2026-10-15,Active
100595,NVX-100595,Elegant Steel Kitchen Island,Green Habitat,2281,Garden,Outdoor Chair,Premium,62.08,108.16,0.426,2024-07-08,Active
100596,NVX-100596,Nordic Metal Sofa,Lumina,2041,Garden,Planter,Mid-Range,122.78,216.0,0.4316,2026-02-25,Active
100597,NVX-100597,Elegant Ceramic BBQ,UrbanNest,2347,Decoration,Vase,Premium,87.37,151.93,0.4249,2022-02-20,Active
100598,NVX-100598,Compact Marble Outdoor Table,Forma Casa,2060,Decoration,Vase,Entry,116.94,205.31,0.4304,2022-01-21,Active
100599,NVX-100599,Smart Metal Mirror,Novexa Essentials,2320,Living Room,Sideboard,Entry,543.05,838.58,0.3524,2020-01-16,Active
100600,NVX-100600,Signature Glass Outdoor Table,Lumina,2150,Bedroom,Bed,Entry,421.58,669.78,0.3706,2024-03-16,Active
100601,NVX-100601,Signature Steel Outdoor Chair,Atelier Home,2256,Home Office,Desk,Entry,99.51,205.23,0.5151,2024-12-27,Active
100602,NVX-100602,Signature Glass Planter,UrbanNest,2181,Bathroom,Tall Cabinet,Entry,37.65,80.6,0.5329,2021-07-31,Active
100603,NVX-100603,Comfort Rattan Office Chair,Oak & Stone,2151,Lighting,Floor Lamp,Mid-Range,44.21,103.21,0.5717,2025-01-22,Active
100604,NVX-100604,Classic Velvet TV Unit,Oak & Stone,2372,Storage,Plastic Box,Entry,177.21,388.92,0.5444,2024-12-05,Active
100605,NVX-100605,Vintage Metal Bar Stool,Linea Design,2230,Living Room,TV Unit,Mid-Range,490.46,811.68,0.3957,2021-04-02,Active
100606,NVX-100606,Elegant Glass Cabinet,HomeCraft,2193,Bathroom,Mirror,Entry,57.59,113.4,0.4922,2021-04-11,Active
100607,NVX-100607,Elegant Oak Table,Novexa Essentials,2327,Garden,BBQ,Mid-Range,102.6,219.16,0.5318,2020-01-02,Active
100608,NVX-100608,Premium Pine Office Desk,Novexa Essentials,2312,Storage,Metal Rack,Mid-Range,175.16,341.35,0.4869,2022-06-18,Active
100609,NVX-100609,Signature Glass Cabinet,HomeCraft,2345,Kitchen,Kitchen Cabinet,Mid-Range,29.04,62.78,0.5374,2025-01-25,Active
100610,NVX-100610,Classic Walnut Table,Forma Casa,2152,Bedroom,Bed,Mid-Range,342.54,599.09,0.4282,2025-04-16,Active
100611,NVX-100611,Natural Metal Bookcase,Atelier Home,2380,Garden,Outdoor Chair,Mid-Range,47.02,86.1,0.4539,2025-06-09,Active
100612,NVX-100612,Vintage Steel Dining Table,Atelier Home,2384,Decoration,Vase,Entry,88.09,158.18,0.4431,2024-06-24,Active
100613,NVX-100613,Modern Bamboo Shelf,UrbanNest,2391,Decoration,Vase,Premium,111.11,191.12,0.4186,2020-12-02,Active
100614,NVX-100614,Nordic Pine Coffee Table,Green Habitat,2195,Decoration,Cushion,Mid-Range,45.7,79.28,0.4236,2020-03-12,Discontinued
100615,NVX-100615,Modern Oak Floor Lamp,Novexa Essentials,2177,Living Room,Rug,Mid-Range,363.97,527.53,0.31,2023-03-09,Active
100616,NVX-100616,Signature Pine Armchair,Lumina,2099,Kitchen,Bar Stool,Mid-Range,49.5,107.75,0.5406,2026-12-27,Active
100617,NVX-100617,Nordic Marble Table,UrbanNest,2131,Living Room,Bookcase,Mid-Range,874.53,1363.88,0.3588,2025-07-06,Active
100618,NVX-100618,Minimalist Steel Sideboard,Atelier Home,2324,Bathroom,Mirror,Premium,65.67,115.1,0.4295,2026-07-08,Active
100619,NVX-100619,Minimalist Bamboo Sideboard,Green Habitat,2043,Storage,Basket,Mid-Range,206.36,424.71,0.5141,2026-09-24,Active
100620,NVX-100620,Smart Metal Shelf,Nordic Living,2166,Bedroom,Chest of Drawers,Entry,228.04,382.38,0.4036,2021-12-08,Active
100621,NVX-100621,Smart Marble Office Desk,Linea Design,2368,Decoration,Clock,Entry,24.89,46.05,0.4595,2025-10-23,Active
100622,NVX-100622,Classic Glass Nightstand,Novexa Essentials,2236,Bedroom,Dresser,Entry,506.98,819.16,0.3811,2020-01-16,Active
100623,NVX-100623,Signature Rattan Mirror,Nordic Living,2244,Home Office,Bookcase,Mid-Range,83.46,182.58,0.5429,2025-12-08,Active
100624,NVX-100624,Signature Marble Dining Table,Linea Design,2211,Kitchen,Dining Chair,Mid-Range,58.21,119.3,0.5121,2024-03-25,Active
100625,NVX-100625,Minimalist Velvet Storage Cabinet,Green Habitat,2367,Garden,Outdoor Table,Premium,44.74,84.71,0.4718,2024-06-04,Active
100626,NVX-100626,Modern Oak Wall Light,Atelier Home,2396,Kitchen,Dining Chair,Entry,43.63,85.6,0.4903,2024-12-28,Active
100627,NVX-100627,Essential Walnut Outdoor Table,Green Habitat,2325,Living Room,Coffee Table,Mid-Range,330.52,478.06,0.3086,2024-06-08,Active
100628,NVX-100628,Comfort Bamboo Wardrobe,Nordic Living,2066,Kitchen,Kitchen Shelf,Entry,40.59,71.08,0.429,2023-10-27,Active
100629,NVX-100629,Modern Glass Kitchen Island,Forma Casa,2299,Garden,Outdoor Chair,Mid-Range,119.24,225.23,0.4706,2023-12-16,Discontinued
100630,NVX-100630,Modern Velvet Sideboard,Nordic Living,2143,Home Office,Office Chair,Entry,67.07,126.98,0.4718,2022-02-04,Active
100631,NVX-100631,Comfort Glass Office Desk,Atelier Home,2197,Bedroom,Chest of Drawers,Premium,324.06,533.6,0.3927,2020-01-11,Active
100632,NVX-100632,Urban Marble Drawer,Atelier Home,2339,Bedroom,Chest of Drawers,Mid-Range,468.41,749.71,0.3752,2024-01-10,Active
100633,NVX-100633,Modern Steel Outdoor Chair,HomeCraft,2009,Garden,Outdoor Chair,Mid-Range,91.42,176.43,0.4818,2020-10-22,Active
100634,NVX-100634,Elegant Bamboo Coffee Table,Oak & Stone,2271,Home Office,Filing Cabinet,Premium,49.12,88.47,0.4448,2021-11-28,Active
100635,NVX-100635,Essential Velvet Armchair,Green Habitat,2025,Bathroom,Vanity Unit,Entry,45.65,90.48,0.4955,2025-04-09,Active
100636,NVX-100636,Smart Bamboo Sofa,Nordic Living,2071,Kitchen,Kitchen Cabinet,Entry,35.21,61.18,0.4245,2024-09-19,Active
100637,NVX-100637,Essential Steel Bar Stool,Lumina,2257,Bedroom,Chest of Drawers,Mid-Range,170.91,299.92,0.4301,2021-05-31,Active
100638,NVX-100638,Compact Velvet Lamp,Forma Casa,2285,Decoration,Vase,Entry,39.18,70.89,0.4473,2026-06-29,Active
100639,NVX-100639,Compact Glass Chair,Nordic Living,2041,Living Room,Armchair,Entry,512.55,912.36,0.4382,2021-04-16,Active
100640,NVX-100640,Compact Glass Chair,Oak & Stone,2305,Lighting,Table Lamp,Premium,55.96,139.12,0.5978,2026-07-03,Discontinued
100641,NVX-100641,Classic Steel Cabinet,HomeCraft,2279,Garden,Outdoor Chair,Mid-Range,75.48,165.73,0.5446,2026-04-10,Active
100642,NVX-100642,Essential Marble Vanity Unit,Novexa Essentials,2375,Kitchen,Kitchen Shelf,Entry,45.31,81.27,0.4425,2022-01-14,Active
100643,NVX-100643,Classic Oak Sofa,Lumina,2114,Storage,Metal Rack,Mid-Range,104.1,189.9,0.4518,2023-12-02,Active
100644,NVX-100644,Modern Marble Desk,Oak & Stone,2385,Kitchen,Bar Stool,Premium,59.36,118.53,0.4992,2020-12-21,Active
100645,NVX-100645,Comfort Rattan Desk,Linea Design,2252,Storage,Cabinet,Entry,180.86,346.33,0.4778,2020-05-29,Active
100646,NVX-100646,Classic Velvet Shelf,Green Habitat,2323,Garden,BBQ,Mid-Range,131.66,224.18,0.4127,2023-04-24,Active
100647,NVX-100647,Essential Walnut Bed,UrbanNest,2201,Storage,Shelf,Premium,102.04,178.01,0.4268,2020-12-26,Active
100648,NVX-100648,Vintage Fabric Office Chair,Lumina,2338,Living Room,Corner Sofa,Mid-Range,466.09,720.03,0.3527,2022-01-01,Active
100649,NVX-100649,Comfort Rattan Bench,Novexa Essentials,2280,Lighting,Desk Lamp,Entry,60.1,115.93,0.4816,2023-02-10,Active
100650,NVX-100650,Modern Walnut Bar Stool,Atelier Home,2078,Bathroom,Storage Cabinet,Mid-Range,37.78,74.29,0.4915,2025-12-11,Active
100651,NVX-100651,Contemporary Ceramic Storage Cabinet,Atelier Home,2077,Bathroom,Storage Cabinet,Entry,34.38,69.29,0.5038,2022-03-14,Active
100652,NVX-100652,Smart Fabric Office Desk,Green Habitat,2128,Home Office,Office Chair,Mid-Range,66.01,121.25,0.4556,2026-09-26,Active
100653,NVX-100653,Vintage Metal TV Unit,Atelier Home,2037,Bathroom,Vanity Unit,Entry,48.45,100.99,0.5202,2022-02-13,Active
100654,NVX-100654,Smart Bamboo Lamp,Lumina,2226,Lighting,Pendant Light,Mid-Range,97.37,236.36,0.588,2024-04-09,Active
100655,NVX-100655,Natural Pine Sideboard,UrbanNest,2331,Storage,Shelf,Entry,74.45,145.81,0.4894,2022-11-18,Active
100656,NVX-100656,Natural Oak Wardrobe,Forma Casa,2333,Garden,Outdoor Chair,Entry,33.37,59.88,0.4427,2026-05-26,Active
100657,NVX-100657,Essential Marble Office Chair,Lumina,2275,Garden,Planter,Entry,63.25,110.28,0.4265,2022-05-24,Active
100658,NVX-100658,Comfort Fabric Pendant Light,Green Habitat,2106,Bathroom,Tall Cabinet,Mid-Range,41.38,82.07,0.4958,2021-05-07,Active
100659,NVX-100659,Elegant Ceramic Chest of Drawers,Forma Casa,2223,Lighting,Desk Lamp,Entry,45.85,106.24,0.5684,2021-10-22,Active
100660,NVX-100660,Premium Walnut Pendant Light,Forma Casa,2059,Home Office,Office Chair,Entry,76.44,150.77,0.493,2020-06-02,Active
100661,NVX-100661,Smart Bamboo Kitchen Island,Oak & Stone,2276,Kitchen,Kitchen Shelf,Entry,26.38,52.23,0.4949,2024-09-28,Active
100662,NVX-100662,Compact Ceramic Office Chair,Forma Casa,2272,Storage,Shelf,Mid-Range,192.25,391.07,0.5084,2023-08-26,Active
100663,NVX-100663,Comfort Oak Coffee Table,Novexa Essentials,2398,Decoration,Cushion,Mid-Range,102.07,205.77,0.504,2026-05-01,Active
100664,NVX-100664,Signature Marble Desk Lamp,Oak & Stone,2113,Living Room,TV Unit,Entry,466.08,810.95,0.4253,2025-06-07,Active
100665,NVX-100665,Vintage Glass Chair,Linea Design,2121,Decoration,Mirror,Entry,70.83,120.29,0.4112,2024-11-10,Active
100666,NVX-100666,Natural Fabric Outdoor Table,Novexa Essentials,2388,Decoration,Vase,Mid-Range,131.41,272.99,0.5186,2024-04-23,Active
100667,NVX-100667,Nordic Pine Drawer,Green Habitat,2015,Living Room,Sofa,Entry,785.7,1152.81,0.3184,2021-02-11,Active
100668,NVX-100668,Urban Walnut Basket,Forma Casa,2197,Storage,Plastic Box,Mid-Range,102.42,191.12,0.4641,2026-03-14,Active
100669,NVX-100669,Comfort Walnut Vanity Unit,Nordic Living,2188,Bathroom,Storage Cabinet,Premium,71.46,140.13,0.49,2024-04-11,Active
100670,NVX-100670,Essential Steel Nightstand,Forma Casa,2279,Storage,Plastic Box,Mid-Range,79.04,156.89,0.4962,2020-02-04,Active
100671,NVX-100671,Compact Steel Armchair,Novexa Essentials,2035,Garden,BBQ,Entry,89.33,185.76,0.5191,2021-03-24,Active
100672,NVX-100672,Compact Bamboo TV Unit,Lumina,2153,Decoration,Clock,Mid-Range,56.43,97.32,0.4202,2026-06-25,Active
100673,NVX-100673,Nordic Glass Bar Stool,Linea Design,2065,Kitchen,Kitchen Shelf,Premium,49.93,93.48,0.4659,2020-08-12,Active
100674,NVX-100674,Natural Pine BBQ,Atelier Home,2071,Storage,Basket,Mid-Range,94.47,169.22,0.4417,2023-10-21,Active
100675,NVX-100675,Natural Ceramic Wardrobe,Lumina,2185,Decoration,Clock,Entry,25.73,49.68,0.4821,2024-11-02,Active
100676,NVX-100676,Minimalist Fabric Kitchen Island,Oak & Stone,2049,Living Room,Coffee Table,Mid-Range,677.85,1193.25,0.4319,2022-10-08,Active
100677,NVX-100677,Nordic Pine Cabinet,Lumina,2299,Storage,Metal Rack,Mid-Range,97.99,205.02,0.522,2021-05-13,Active
100678,NVX-100678,Signature Rattan Desk,Novexa Essentials,2225,Kitchen,Bar Stool,Mid-Range,49.88,89.98,0.4457,2020-02-01,Active
100679,NVX-100679,Vintage Ceramic Storage Box,Oak & Stone,2143,Living Room,Coffee Table,Premium,548.85,789.61,0.3049,2023-06-17,Active
100680,NVX-100680,Smart Oak Sideboard,Oak & Stone,2178,Kitchen,Kitchen Shelf,Mid-Range,52.54,111.58,0.5291,2024-11-03,Active
100681,NVX-100681,Essential Pine Nightstand,Linea Design,2240,Lighting,Pendant Light,Premium,41.78,89.31,0.5322,2021-08-10,Active
100682,NVX-100682,Minimalist Metal Pendant Light,Linea Design,2243,Storage,Basket,Entry,118.27,231.91,0.49,2025-05-12,Active
100683,NVX-100683,Essential Ceramic Chest of Drawers,Green Habitat,2072,Home Office,Bookcase,Mid-Range,57.9,114.84,0.4958,2023-03-08,Active
100684,NVX-100684,Classic Walnut Storage Cabinet,Nordic Living,2242,Garden,Outdoor Table,Premium,136.38,245.9,0.4454,2023-03-25,Discontinued
100685,NVX-100685,Urban Glass BBQ,HomeCraft,2375,Kitchen,Dining Table,Mid-Range,24.94,51.61,0.5168,2026-04-13,Active
100686,NVX-100686,Minimalist Velvet Armchair,Nordic Living,2326,Garden,Outdoor Chair,Mid-Range,93.03,171.79,0.4585,2020-11-25,Active
100687,NVX-100687,Contemporary Metal Office Desk,Lumina,2283,Garden,Outdoor Table,Mid-Range,61.43,109.45,0.4387,2024-05-01,Active
100688,NVX-100688,Signature Fabric Outdoor Chair,HomeCraft,2072,Bathroom,Tall Cabinet,Mid-Range,63.1,140.18,0.5499,2023-03-09,Active
100689,NVX-100689,Elegant Oak Storage Cabinet,UrbanNest,2365,Home Office,Bookcase,Mid-Range,53.43,94.01,0.4317,2023-04-27,Active
100690,NVX-100690,Nordic Bamboo BBQ,Novexa Essentials,2075,Bedroom,Nightstand,Mid-Range,185.11,298.71,0.3803,2025-04-22,Active
100691,NVX-100691,Minimalist Ceramic Table,Novexa Essentials,2299,Kitchen,Kitchen Island,Mid-Range,26.84,48.9,0.4511,2021-12-22,Active
100692,NVX-100692,Modern Rattan Office Desk,UrbanNest,2225,Garden,Sun Lounger,Premium,103.88,189.86,0.4529,2026-12-14,Active
100693,NVX-100693,Minimalist Metal Office Desk,Novexa Essentials,2262,Living Room,Sideboard,Mid-Range,1002.3,1448.56,0.3081,2025-05-13,Discontinued
100694,NVX-100694,Compact Metal Desk,Novexa Essentials,2245,Kitchen,Kitchen Cabinet,Premium,32.86,71.47,0.5402,2021-01-29,Active
100695,NVX-100695,Essential Ceramic Metal Rack,Linea Design,2125,Living Room,TV Unit,Mid-Range,596.38,967.19,0.3834,2025-07-14,Active
100696,NVX-100696,Natural Walnut Shelf,Nordic Living,2362,Decoration,Vase,Entry,98.78,185.84,0.4685,2023-02-24,Active
100697,NVX-100697,Comfort Bamboo Chest of Drawers,Atelier Home,2047,Decoration,Cushion,Entry,95.39,159.62,0.4024,2023-03-22,Active
100698,NVX-100698,Smart Walnut Drawer,Forma Casa,2265,Home Office,Bookcase,Entry,54.21,95.77,0.434,2020-03-04,Active
100699,NVX-100699,Comfort Ceramic Chair,Nordic Living,2347,Garden,BBQ,Premium,57.23,106.63,0.4633,2021-12-27,Active
100700,NVX-100700,Urban Oak Storage Box,Green Habitat,2022,Kitchen,Kitchen Island,Entry,36.95,72.0,0.4868,2026-07-22,Active
100701,NVX-100701,Classic Pine Kitchen Island,Oak & Stone,2219,Living Room,Armchair,Entry,926.79,1651.36,0.4388,2023-12-12,Discontinued
100702,NVX-100702,Natural Pine Chest of Drawers,Lumina,2316,Kitchen,Dining Table,Entry,38.0,79.19,0.5201,2025-05-10,Active
100703,NVX-100703,Smart Bamboo Storage Box,Forma Casa,2073,Lighting,Wall Light,Entry,42.87,105.89,0.5951,2025-09-07,Active
100704,NVX-100704,Classic Glass TV Unit,Forma Casa,2250,Garden,Garden Storage,Premium,97.93,190.68,0.4864,2020-05-13,Active
100705,NVX-100705,Premium Marble Pendant Light,HomeCraft,2337,Bedroom,Wardrobe,Mid-Range,468.45,750.67,0.376,2025-10-02,Active
100706,NVX-100706,Modern Steel TV Unit,Atelier Home,2093,Bathroom,Mirror,Mid-Range,64.05,111.43,0.4252,2023-11-01,Active
100707,NVX-100707,Modern Rattan Sideboard,Oak & Stone,2347,Living Room,TV Unit,Premium,558.57,879.67,0.365,2026-06-03,Active
100708,NVX-100708,Smart Velvet Desk,Lumina,2153,Lighting,Floor Lamp,Entry,47.76,91.16,0.4761,2025-04-20,Active
100709,NVX-100709,Signature Walnut Desk Lamp,Atelier Home,2218,Garden,Sun Lounger,Entry,85.0,144.33,0.4111,2023-01-01,Active
100710,NVX-100710,Modern Pine Chest of Drawers,Novexa Essentials,2101,Home Office,Bookcase,Entry,111.15,210.37,0.4716,2022-11-27,Active
100711,NVX-100711,Minimalist Rattan Nightstand,HomeCraft,2373,Bathroom,Mirror,Entry,25.99,48.33,0.4622,2024-05-06,Active
100712,NVX-100712,Premium Marble Shelf,Nordic Living,2201,Living Room,TV Unit,Mid-Range,629.53,1016.21,0.3805,2020-02-04,Active
100713,NVX-100713,Modern Steel Planter,Linea Design,2253,Decoration,Clock,Entry,133.22,270.68,0.5078,2021-11-03,Active
100714,NVX-100714,Comfort Rattan Basket,Oak & Stone,2190,Decoration,Cushion,Premium,34.86,65.31,0.4662,2020-05-26,Active
100715,NVX-100715,Urban Oak Planter,Atelier Home,2060,Living Room,Coffee Table,Mid-Range,562.73,826.57,0.3192,2021-12-02,Active
100716,NVX-100716,Nordic Pine Shelf,Green Habitat,2091,Bedroom,Bed,Mid-Range,268.79,470.35,0.4285,2024-03-24,Active
100717,NVX-100717,Comfort Bamboo Shelf,Linea Design,2112,Kitchen,Dining Chair,Mid-Range,55.6,92.95,0.4018,2023-12-05,Active
100718,NVX-100718,Minimalist Walnut Outdoor Table,Atelier Home,2277,Home Office,Desk,Premium,113.05,233.25,0.5153,2024-09-12,Active
100719,NVX-100719,Premium Pine Storage Box,Linea Design,2381,Living Room,Sideboard,Entry,744.66,1099.39,0.3227,2021-03-21,Active
100720,NVX-100720,Compact Oak Dining Table,Lumina,2230,Lighting,Wall Light,Entry,60.12,119.65,0.4975,2020-01-05,Active
100721,NVX-100721,Contemporary Bamboo Cabinet,Oak & Stone,2210,Lighting,Floor Lamp,Mid-Range,100.3,183.0,0.4519,2020-12-21,Active
100722,NVX-100722,Nordic Steel Drawer,Green Habitat,2169,Storage,Basket,Entry,94.37,183.25,0.485,2021-08-06,Active
100723,NVX-100723,Vintage Fabric Cabinet,Linea Design,2244,Lighting,Desk Lamp,Premium,30.28,60.77,0.5017,2021-07-04,Active
100724,NVX-100724,Smart Velvet Sideboard,Linea Design,2004,Decoration,Wall Art,Mid-Range,49.44,96.12,0.4856,2023-05-16,Active
100725,NVX-100725,Comfort Marble Desk Lamp,Nordic Living,2192,Decoration,Vase,Entry,70.97,151.08,0.5302,2021-03-21,Active
100726,NVX-100726,Compact Steel Metal Rack,Lumina,2313,Garden,Garden Storage,Premium,126.05,256.66,0.5089,2021-12-07,Active
100727,NVX-100727,Urban Oak Storage Cabinet,Lumina,2212,Lighting,Pendant Light,Entry,49.15,93.55,0.4746,2024-06-18,Active
100728,NVX-100728,Urban Ceramic Drawer,Green Habitat,2193,Garden,Outdoor Chair,Mid-Range,40.14,74.98,0.4647,2021-11-30,Active
100729,NVX-100729,Smart Walnut Sideboard,HomeCraft,2194,Bedroom,Chest of Drawers,Entry,309.5,479.64,0.3547,2025-11-03,Active
100730,NVX-100730,Vintage Metal Floor Lamp,Oak & Stone,2244,Decoration,Vase,Mid-Range,37.38,66.94,0.4416,2023-11-02,Active
100731,NVX-100731,Classic Ceramic Desk Lamp,Green Habitat,2192,Decoration,Mirror,Premium,77.37,135.5,0.429,2022-04-15,Active
100732,NVX-100732,Signature Ceramic Desk Lamp,Lumina,2196,Home Office,Office Chair,Premium,146.06,305.57,0.522,2026-12-10,Active
100733,NVX-100733,Premium Velvet Pendant Light,Forma Casa,2140,Garden,Sun Lounger,Mid-Range,71.11,125.72,0.4344,2023-10-17,Active
100734,NVX-100734,Premium Walnut Bench,UrbanNest,2001,Storage,Basket,Premium,131.89,283.52,0.5348,2020-12-24,Active
100735,NVX-100735,Contemporary Walnut Desk Lamp,Nordic Living,2167,Storage,Plastic Box,Entry,126.71,250.75,0.4947,2023-05-01,Active
100736,NVX-100736,Smart Ceramic Desk,Green Habitat,2032,Bathroom,Mirror,Premium,65.22,111.51,0.4151,2026-12-07,Active
100737,NVX-100737,Vintage Fabric Table,Green Habitat,2232,Living Room,Bookcase,Mid-Range,685.72,1176.36,0.4171,2020-12-27,Active
100738,NVX-100738,Comfort Rattan Desk,Nordic Living,2095,Garden,Sun Lounger,Premium,112.71,192.77,0.4153,2023-02-13,Active
100739,NVX-100739,Signature Fabric Planter,Linea Design,2022,Garden,BBQ,Entry,95.16,174.02,0.4532,2023-11-26,Active
100740,NVX-100740,Essential Pine Outdoor Chair,HomeCraft,2182,Bedroom,Nightstand,Entry,541.02,959.88,0.4364,2024-03-10,Active
100741,NVX-100741,Urban Steel Bench,Green Habitat,2354,Garden,Sun Lounger,Entry,102.48,224.14,0.5428,2020-10-11,Active
100742,NVX-100742,Minimalist Rattan BBQ,Nordic Living,2070,Kitchen,Dining Chair,Entry,17.08,32.53,0.4749,2024-06-19,Active
100743,NVX-100743,Contemporary Velvet Chair,UrbanNest,2011,Kitchen,Kitchen Shelf,Mid-Range,76.83,144.26,0.4674,2022-07-09,Active
100744,NVX-100744,Elegant Glass Storage Box,Forma Casa,2255,Living Room,Sideboard,Entry,971.14,1493.89,0.3499,2020-11-01,Active
100745,NVX-100745,Natural Pine Dining Table,Linea Design,2100,Garden,Sun Lounger,Entry,102.49,217.33,0.5284,2025-03-22,Active
100746,NVX-100746,Nordic Ceramic Coffee Table,HomeCraft,2117,Kitchen,Bar Stool,Mid-Range,44.77,76.96,0.4183,2025-09-14,Active
100747,NVX-100747,Modern Walnut Coffee Table,Oak & Stone,2221,Kitchen,Kitchen Island,Mid-Range,42.18,82.67,0.4898,2026-10-29,Active
100748,NVX-100748,Urban Fabric Bed,Novexa Essentials,2237,Home Office,Desk,Entry,127.88,226.11,0.4344,2020-03-22,Active
100749,NVX-100749,Modern Walnut Floor Lamp,Lumina,2246,Garden,BBQ,Entry,106.92,196.83,0.4568,2021-03-24,Active
100750,NVX-100750,Comfort Metal Sofa,Novexa Essentials,2003,Bathroom,Vanity Unit,Premium,53.57,106.68,0.4978,2020-12-01,Active
100751,NVX-100751,Vintage Ceramic Bench,Lumina,2175,Decoration,Cushion,Mid-Range,72.3,133.79,0.4596,2025-09-09,Discontinued
100752,NVX-100752,Modern Marble Vanity Unit,Forma Casa,2035,Garden,BBQ,Premium,107.98,195.12,0.4466,2021-01-28,Active
100753,NVX-100753,Classic Rattan BBQ,Oak & Stone,2322,Living Room,TV Unit,Premium,830.9,1444.99,0.425,2023-02-23,Active
100754,NVX-100754,Elegant Steel Wardrobe,Oak & Stone,2048,Lighting,Desk Lamp,Mid-Range,83.62,156.1,0.4643,2022-01-26,Active
100755,NVX-100755,Signature Walnut Drawer,Novexa Essentials,2360,Decoration,Clock,Entry,56.59,123.18,0.5406,2020-06-15,Active
100756,NVX-100756,Essential Metal Wall Light,Oak & Stone,2009,Lighting,Pendant Light,Mid-Range,60.38,148.68,0.5939,2023-04-01,Active
100757,NVX-100757,Urban Ceramic Bookcase,Linea Design,2291,Decoration,Clock,Entry,85.86,151.55,0.4335,2025-08-24,Active
100758,NVX-100758,Contemporary Walnut Storage Box,Linea Design,2061,Storage,Basket,Premium,110.13,205.5,0.4641,2025-03-06,Active
100759,NVX-100759,Modern Bamboo Office Desk,Oak & Stone,2022,Living Room,Armchair,Premium,530.74,822.21,0.3545,2020-07-26,Discontinued
100760,NVX-100760,Comfort Oak Bookcase,HomeCraft,2126,Garden,Garden Storage,Entry,59.92,101.62,0.4104,2023-03-17,Discontinued
100761,NVX-100761,Compact Rattan Nightstand,Forma Casa,2287,Kitchen,Kitchen Shelf,Entry,66.0,142.41,0.5365,2024-12-25,Active
100762,NVX-100762,Contemporary Velvet Storage Cabinet,Lumina,2142,Kitchen,Kitchen Island,Premium,39.54,82.84,0.5227,2021-10-02,Active
100763,NVX-100763,Elegant Walnut Drawer,Nordic Living,2363,Home Office,Office Chair,Mid-Range,92.32,154.84,0.4038,2020-04-05,Active
100764,NVX-100764,Modern Walnut Vanity Unit,HomeCraft,2230,Decoration,Cushion,Mid-Range,136.67,232.3,0.4117,2022-09-15,Active
100765,NVX-100765,Elegant Bamboo Basket,Linea Design,2169,Kitchen,Kitchen Island,Mid-Range,22.09,43.93,0.4972,2025-12-29,Active
100766,NVX-100766,Vintage Marble BBQ,Nordic Living,2316,Bathroom,Tall Cabinet,Premium,55.2,102.4,0.4609,2025-05-12,Active
100767,NVX-100767,Vintage Velvet Mirror,Novexa Essentials,2323,Storage,Plastic Box,Premium,140.82,236.99,0.4058,2020-03-05,Active
100768,NVX-100768,Contemporary Velvet Desk,Lumina,2361,Decoration,Vase,Premium,44.83,87.89,0.4899,2025-10-25,Active
100769,NVX-100769,Smart Walnut Planter,Nordic Living,2138,Storage,Cabinet,Mid-Range,129.05,243.37,0.4697,2024-03-18,Active
100770,NVX-100770,Essential Pine Basket,Nordic Living,2055,Bedroom,Bed,Entry,368.58,619.27,0.4048,2025-03-01,Active
100771,NVX-100771,Elegant Oak Wall Light,Atelier Home,2133,Bathroom,Mirror,Mid-Range,46.69,81.25,0.4254,2024-03-03,Active
100772,NVX-100772,Elegant Rattan TV Unit,HomeCraft,2315,Kitchen,Dining Table,Mid-Range,43.16,75.31,0.4269,2021-03-02,Active
100773,NVX-100773,Elegant Steel Desk,Novexa Essentials,2393,Decoration,Cushion,Mid-Range,84.77,141.5,0.4009,2025-08-24,Active
100774,NVX-100774,Essential Pine Drawer,Green Habitat,2153,Decoration,Vase,Premium,54.3,93.12,0.4169,2026-08-29,Active
100775,NVX-100775,Compact Pine Vanity Unit,Lumina,2044,Home Office,Office Chair,Mid-Range,59.23,104.17,0.4314,2024-05-19,Active
100776,NVX-100776,Contemporary Rattan Storage Cabinet,Lumina,2283,Bathroom,Tall Cabinet,Mid-Range,29.46,57.92,0.4914,2022-04-09,Active
100777,NVX-100777,Elegant Walnut Planter,Novexa Essentials,2189,Garden,Planter,Entry,44.98,75.52,0.4044,2020-12-14,Active
100778,NVX-100778,Compact Fabric Shelf,UrbanNest,2108,Storage,Basket,Entry,71.3,144.64,0.5071,2023-11-30,Active
100779,NVX-100779,Contemporary Oak Floor Lamp,Nordic Living,2383,Storage,Basket,Mid-Range,174.82,331.29,0.4723,2023-07-12,Active
100780,NVX-100780,Minimalist Metal Shelf,Atelier Home,2147,Decoration,Clock,Mid-Range,67.57,116.73,0.4211,2021-06-15,Active
100781,NVX-100781,Vintage Rattan Armchair,Linea Design,2289,Kitchen,Kitchen Island,Premium,35.03,67.59,0.4817,2026-12-12,Active
100782,NVX-100782,Urban Steel Bench,HomeCraft,2332,Living Room,Armchair,Premium,600.24,863.36,0.3048,2021-05-26,Active
100783,NVX-100783,Premium Velvet Vanity Unit,Lumina,2388,Bedroom,Wardrobe,Mid-Range,516.88,828.81,0.3764,2026-08-23,Active
100784,NVX-100784,Natural Velvet TV Unit,Green Habitat,2363,Decoration,Mirror,Mid-Range,106.31,186.0,0.4284,2023-08-23,Active
100785,NVX-100785,Vintage Ceramic Floor Lamp,Novexa Essentials,2096,Bedroom,Wardrobe,Mid-Range,363.87,598.82,0.3924,2023-07-01,Discontinued
100786,NVX-100786,Urban Oak Sofa,HomeCraft,2124,Bathroom,Mirror,Entry,26.2,56.32,0.5348,2025-07-30,Active
100787,NVX-100787,Elegant Walnut Table,Nordic Living,2236,Storage,Plastic Box,Mid-Range,153.5,298.48,0.4857,2025-11-01,Active
100788,NVX-100788,Contemporary Fabric TV Unit,Linea Design,2091,Bathroom,Storage Cabinet,Entry,25.88,50.53,0.4878,2026-05-07,Active
100789,NVX-100789,Smart Ceramic Office Chair,Forma Casa,2377,Storage,Cabinet,Entry,78.03,155.51,0.4982,2023-03-23,Active
100790,NVX-100790,Signature Bamboo Bookcase,UrbanNest,2304,Living Room,Corner Sofa,Premium,446.44,693.65,0.3564,2024-10-05,Active
100791,NVX-100791,Vintage Walnut Lamp,Atelier Home,2168,Decoration,Vase,Entry,32.59,68.5,0.5242,2021-08-28,Active
100792,NVX-100792,Urban Ceramic Basket,Lumina,2239,Lighting,Table Lamp,Mid-Range,72.65,156.27,0.5351,2024-10-19,Active
100793,NVX-100793,Natural Pine Bed,Nordic Living,2104,Storage,Plastic Box,Mid-Range,144.25,289.58,0.5019,2023-01-28,Active
100794,NVX-100794,Urban Marble BBQ,UrbanNest,2259,Decoration,Clock,Entry,72.86,129.69,0.4382,2024-05-24,Active
100795,NVX-100795,Smart Marble Mirror,Oak & Stone,2170,Decoration,Clock,Mid-Range,61.09,133.33,0.5418,2021-01-11,Active
100796,NVX-100796,Classic Steel Sideboard,Nordic Living,2108,Living Room,Sofa,Mid-Range,755.66,1234.08,0.3877,2020-10-10,Active
100797,NVX-100797,Elegant Bamboo Sideboard,Atelier Home,2251,Living Room,Rug,Premium,550.5,905.87,0.3923,2021-06-04,Active
100798,NVX-100798,Smart Bamboo Mirror,Oak & Stone,2361,Garden,Outdoor Table,Mid-Range,52.03,93.78,0.4452,2025-04-23,Active
100799,NVX-100799,Comfort Metal Storage Cabinet,HomeCraft,2293,Home Office,Desk,Mid-Range,113.67,223.32,0.491,2020-06-14,Active
100800,NVX-100800,Smart Velvet Armchair,Lumina,2317,Kitchen,Bar Stool,Mid-Range,51.74,106.25,0.513,2020-10-17,Active
100801,NVX-100801,Contemporary Bamboo Wall Light,Forma Casa,2316,Home Office,Filing Cabinet,Entry,82.2,154.06,0.4664,2024-08-06,Active
100802,NVX-100802,Urban Oak Bed,HomeCraft,2309,Home Office,Filing Cabinet,Entry,37.19,69.99,0.4686,2022-03-17,Active
100803,NVX-100803,Smart Steel Pendant Light,HomeCraft,2385,Bathroom,Vanity Unit,Mid-Range,51.55,95.33,0.4592,2021-05-14,Active
100804,NVX-100804,Modern Steel Vanity Unit,Forma Casa,2205,Home Office,Office Chair,Entry,93.67,201.32,0.5347,2023-10-12,Active
100805,NVX-100805,Urban Walnut Sideboard,Atelier Home,2325,Garden,Garden Storage,Premium,69.03,135.12,0.4891,2024-05-17,Active
100806,NVX-100806,Elegant Bamboo Office Desk,Forma Casa,2105,Storage,Plastic Box,Premium,239.3,430.73,0.4444,2022-01-15,Active
100807,NVX-100807,Signature Ceramic Desk,Forma Casa,2273,Living Room,Coffee Table,Mid-Range,1012.48,1579.14,0.3588,2023-11-13,Active
100808,NVX-100808,Classic Fabric BBQ,Atelier Home,2305,Storage,Metal Rack,Premium,94.84,197.3,0.5193,2020-03-11,Active
100809,NVX-100809,Natural Marble Desk Lamp,Nordic Living,2134,Home Office,Bookcase,Entry,41.17,77.31,0.4675,2026-04-28,Active
100810,NVX-100810,Contemporary Glass Sideboard,HomeCraft,2361,Lighting,Floor Lamp,Premium,24.35,49.4,0.5071,2024-03-18,Active
100811,NVX-100811,Natural Pine Armchair,Atelier Home,2317,Bedroom,Bed,Premium,157.11,241.96,0.3507,2022-01-01,Active
100812,NVX-100812,Natural Glass Outdoor Table,Green Habitat,2136,Decoration,Wall Art,Entry,88.76,187.24,0.526,2024-10-30,Active
100813,NVX-100813,Nordic Marble Armchair,HomeCraft,2095,Kitchen,Kitchen Shelf,Entry,39.51,75.5,0.4767,2022-03-21,Active
100814,NVX-100814,Compact Walnut Nightstand,UrbanNest,2125,Garden,Outdoor Chair,Mid-Range,114.08,224.47,0.4918,2023-03-08,Active
100815,NVX-100815,Urban Rattan Chest of Drawers,Green Habitat,2299,Bedroom,Wardrobe,Entry,225.53,401.18,0.4378,2024-12-21,Active
100816,NVX-100816,Nordic Walnut Dining Table,Novexa Essentials,2266,Garden,Outdoor Table,Mid-Range,136.86,284.79,0.5194,2026-01-26,Active
100817,NVX-100817,Natural Walnut Kitchen Island,Linea Design,2249,Kitchen,Dining Chair,Mid-Range,64.45,131.5,0.5099,2024-11-19,Active
100818,NVX-100818,Essential Glass Kitchen Island,UrbanNest,2086,Decoration,Mirror,Mid-Range,82.98,149.11,0.4435,2025-06-22,Discontinued
100819,NVX-100819,Nordic Rattan Outdoor Table,Linea Design,2263,Lighting,Desk Lamp,Premium,85.0,168.59,0.4958,2025-04-05,Active
100820,NVX-100820,Nordic Bamboo Armchair,Lumina,2136,Storage,Shelf,Mid-Range,138.72,256.18,0.4585,2024-04-09,Active
100821,NVX-100821,Urban Fabric Wardrobe,Linea Design,2060,Bathroom,Tall Cabinet,Entry,48.85,106.27,0.5403,2025-06-02,Active
100822,NVX-100822,Comfort Bamboo Chest of Drawers,Linea Design,2327,Kitchen,Bar Stool,Mid-Range,45.99,97.91,0.5303,2021-07-24,Active
100823,NVX-100823,Contemporary Pine BBQ,Forma Casa,2087,Home Office,Office Chair,Mid-Range,44.8,97.79,0.5419,2020-10-09,Active
100824,NVX-100824,Signature Metal Dining Table,UrbanNest,2109,Home Office,Office Chair,Premium,73.9,133.5,0.4464,2020-05-31,Discontinued
100825,NVX-100825,Comfort Rattan Desk Lamp,Green Habitat,2361,Garden,Outdoor Chair,Entry,65.43,121.63,0.4621,2026-06-01,Active
100826,NVX-100826,Nordic Marble Desk Lamp,Novexa Essentials,2088,Decoration,Vase,Entry,40.89,86.53,0.5274,2022-07-29,Active
100827,NVX-100827,Essential Velvet Wardrobe,UrbanNest,2378,Garden,Planter,Premium,104.83,224.33,0.5327,2024-06-19,Active
100828,NVX-100828,Essential Glass Bookcase,Novexa Essentials,2020,Garden,Outdoor Table,Entry,62.43,107.22,0.4177,2020-10-02,Active
100829,NVX-100829,Contemporary Glass Wall Light,HomeCraft,2016,Home Office,Desk,Mid-Range,99.35,198.56,0.4996,2023-11-24,Active
100830,NVX-100830,Signature Pine Armchair,Novexa Essentials,2393,Decoration,Wall Art,Mid-Range,90.41,166.42,0.4567,2020-10-15,Active
100831,NVX-100831,Signature Glass Desk,Green Habitat,2160,Garden,Garden Storage,Entry,40.5,69.08,0.4137,2021-02-03,Active
100832,NVX-100832,Modern Pine Shelf,Linea Design,2150,Kitchen,Kitchen Cabinet,Entry,40.11,85.32,0.5299,2023-10-21,Active
100833,NVX-100833,Comfort Steel Chest of Drawers,Atelier Home,2381,Bedroom,Dresser,Entry,464.49,775.39,0.401,2022-07-07,Active
100834,NVX-100834,Nordic Glass Wall Light,Atelier Home,2302,Home Office,Office Chair,Entry,77.38,159.42,0.5146,2021-02-18,Active
100835,NVX-100835,Compact Velvet Floor Lamp,Nordic Living,2231,Bedroom,Dresser,Entry,202.96,338.56,0.4005,2025-09-24,Active
100836,NVX-100836,Signature Oak Lamp,Atelier Home,2217,Lighting,Table Lamp,Mid-Range,101.11,202.53,0.5008,2020-02-17,Active
100837,NVX-100837,Essential Rattan Nightstand,Novexa Essentials,2244,Kitchen,Dining Table,Premium,36.92,78.01,0.5267,2022-09-04,Active
100838,NVX-100838,Vintage Ceramic Desk Lamp,Novexa Essentials,2216,Living Room,Armchair,Mid-Range,419.46,713.02,0.4117,2024-07-06,Active
100839,NVX-100839,Natural Marble Nightstand,Green Habitat,2321,Living Room,TV Unit,Mid-Range,209.66,327.26,0.3593,2024-02-17,Active
100840,NVX-100840,Vintage Steel Drawer,HomeCraft,2182,Living Room,Coffee Table,Entry,773.47,1211.1,0.3613,2023-07-17,Active
100841,NVX-100841,Essential Walnut Pendant Light,Forma Casa,2389,Home Office,Desk,Entry,92.94,172.8,0.4622,2025-09-11,Active
100842,NVX-100842,Comfort Steel Outdoor Chair,Linea Design,2165,Kitchen,Kitchen Island,Mid-Range,52.09,108.61,0.5204,2023-04-18,Active
100843,NVX-100843,Compact Rattan Desk Lamp,UrbanNest,2334,Living Room,Rug,Mid-Range,982.19,1659.93,0.4083,2020-06-17,Active
100844,NVX-100844,Compact Ceramic Bookcase,Forma Casa,2142,Kitchen,Kitchen Island,Mid-Range,38.25,79.3,0.5177,2025-05-02,Active
100845,NVX-100845,Elegant Metal Drawer,Novexa Essentials,2053,Living Room,Armchair,Mid-Range,511.77,870.37,0.412,2024-04-07,Active
100846,NVX-100846,Minimalist Metal TV Unit,Novexa Essentials,2175,Storage,Plastic Box,Entry,206.52,352.28,0.4138,2024-08-09,Active
100847,NVX-100847,Essential Ceramic Planter,Forma Casa,2225,Decoration,Mirror,Mid-Range,69.9,148.86,0.5304,2021-02-09,Active
100848,NVX-100848,Signature Rattan Desk,Oak & Stone,2227,Decoration,Cushion,Mid-Range,45.06,76.28,0.4093,2022-07-31,Active
100849,NVX-100849,Modern Marble Nightstand,Oak & Stone,2295,Garden,Garden Storage,Entry,89.68,155.75,0.4242,2022-01-27,Active
100850,NVX-100850,Nordic Glass Bench,HomeCraft,2252,Bedroom,Chest of Drawers,Entry,239.25,395.33,0.3948,2020-08-01,Active
100851,NVX-100851,Contemporary Ceramic Bookcase,Forma Casa,2195,Kitchen,Kitchen Cabinet,Entry,22.27,38.66,0.424,2024-10-05,Discontinued
100852,NVX-100852,Essential Marble Planter,Novexa Essentials,2094,Bathroom,Vanity Unit,Mid-Range,53.16,112.19,0.5262,2026-07-26,Active
100853,NVX-100853,Smart Ceramic Wall Light,Oak & Stone,2315,Storage,Cabinet,Entry,89.88,168.62,0.467,2025-07-15,Active
100854,NVX-100854,Vintage Walnut Basket,HomeCraft,2056,Kitchen,Kitchen Cabinet,Mid-Range,59.81,132.36,0.5481,2021-05-21,Active
100855,NVX-100855,Contemporary Velvet Desk Lamp,UrbanNest,2347,Kitchen,Bar Stool,Mid-Range,54.01,111.2,0.5143,2022-03-19,Active
100856,NVX-100856,Vintage Metal Mirror,UrbanNest,2304,Lighting,Wall Light,Entry,69.83,142.22,0.509,2023-09-05,Active
100857,NVX-100857,Essential Metal Floor Lamp,Novexa Essentials,2083,Bathroom,Mirror,Mid-Range,29.6,63.23,0.5319,2022-04-22,Active
100858,NVX-100858,Natural Ceramic Desk,Atelier Home,2398,Bathroom,Tall Cabinet,Entry,64.65,110.95,0.4173,2026-11-17,Active
100859,NVX-100859,Premium Pine Wardrobe,Oak & Stone,2249,Bedroom,Dresser,Mid-Range,308.68,487.52,0.3668,2022-08-31,Active
100860,NVX-100860,Elegant Steel Floor Lamp,UrbanNest,2307,Kitchen,Kitchen Cabinet,Entry,31.78,58.62,0.4579,2024-10-18,Active
100861,NVX-100861,Minimalist Steel Bar Stool,HomeCraft,2139,Storage,Plastic Box,Mid-Range,120.5,256.21,0.5297,2026-12-17,Active
100862,NVX-100862,Nordic Walnut Floor Lamp,Green Habitat,2285,Bedroom,Bed,Premium,407.11,715.49,0.431,2022-02-21,Active
100863,NVX-100863,Urban Fabric TV Unit,HomeCraft,2312,Kitchen,Kitchen Cabinet,Entry,47.53,83.06,0.4278,2021-07-17,Active
100864,NVX-100864,Comfort Marble Kitchen Island,Lumina,2242,Kitchen,Kitchen Cabinet,Entry,71.54,136.04,0.4741,2024-07-26,Active
100865,NVX-100865,Signature Ceramic Kitchen Island,Linea Design,2203,Bedroom,Wardrobe,Mid-Range,197.5,304.18,0.3507,2024-07-18,Active
100866,NVX-100866,Comfort Walnut Planter,UrbanNest,2376,Storage,Metal Rack,Entry,149.62,293.02,0.4894,2024-09-11,Active
100867,NVX-100867,Signature Pine Lamp,Novexa Essentials,2336,Living Room,Bookcase,Mid-Range,1087.53,1951.39,0.4427,2026-06-10,Active
100868,NVX-100868,Nordic Ceramic Desk Lamp,UrbanNest,2165,Storage,Metal Rack,Mid-Range,120.83,256.11,0.5282,2020-09-06,Active
100869,NVX-100869,Nordic Bamboo Office Chair,HomeCraft,2344,Garden,Garden Storage,Mid-Range,38.87,75.56,0.4856,2024-12-03,Active
100870,NVX-100870,Signature Marble Chair,Novexa Essentials,2269,Garden,Outdoor Table,Premium,71.31,126.91,0.4381,2021-01-19,Active
100871,NVX-100871,Urban Rattan Outdoor Chair,Forma Casa,2275,Home Office,Bookcase,Mid-Range,38.92,69.75,0.442,2022-05-02,Active
100872,NVX-100872,Minimalist Steel Storage Box,Oak & Stone,2146,Home Office,Desk,Mid-Range,67.43,115.25,0.4149,2022-06-25,Active
100873,NVX-100873,Elegant Ceramic Pendant Light,Nordic Living,2078,Living Room,Sofa,Entry,810.82,1369.09,0.4078,2022-03-21,Active
100874,NVX-100874,Compact Marble Storage Box,Atelier Home,2331,Storage,Basket,Entry,74.57,138.54,0.4617,2022-11-15,Discontinued
100875,NVX-100875,Smart Rattan Office Desk,Nordic Living,2138,Garden,Planter,Mid-Range,72.59,131.84,0.4494,2022-02-13,Active
100876,NVX-100876,Classic Steel Desk Lamp,Forma Casa,2058,Decoration,Clock,Entry,66.77,128.06,0.4786,2021-10-29,Active
100877,NVX-100877,Modern Fabric Office Chair,Forma Casa,2228,Bedroom,Nightstand,Entry,288.92,505.58,0.4285,2023-06-18,Active
100878,NVX-100878,Essential Metal Lamp,HomeCraft,2002,Bedroom,Dresser,Mid-Range,174.55,280.26,0.3772,2025-08-14,Active
100879,NVX-100879,Classic Marble Outdoor Table,Atelier Home,2080,Living Room,Coffee Table,Mid-Range,567.12,910.03,0.3768,2020-06-01,Active
100880,NVX-100880,Vintage Oak Chest of Drawers,Green Habitat,2277,Kitchen,Dining Table,Mid-Range,57.6,99.14,0.419,2023-10-08,Active
100881,NVX-100881,Minimalist Glass Basket,Atelier Home,2138,Living Room,Armchair,Entry,602.29,1052.76,0.4279,2020-06-25,Active
100882,NVX-100882,Natural Pine Shelf,Forma Casa,2308,Bedroom,Wardrobe,Premium,519.94,910.59,0.429,2021-05-27,Active
100883,NVX-100883,Comfort Fabric Basket,UrbanNest,2355,Storage,Metal Rack,Premium,107.16,209.57,0.4887,2025-11-17,Active
100884,NVX-100884,Vintage Walnut Lamp,Linea Design,2154,Garden,Sun Lounger,Mid-Range,55.27,115.74,0.5225,2026-01-14,Active
100885,NVX-100885,Comfort Metal Storage Cabinet,Atelier Home,2293,Garden,Outdoor Table,Premium,63.69,112.84,0.4356,2024-11-23,Active
100886,NVX-100886,Natural Rattan Armchair,HomeCraft,2106,Lighting,Table Lamp,Mid-Range,76.55,160.89,0.5242,2024-01-23,Active
100887,NVX-100887,Essential Marble Wardrobe,HomeCraft,2241,Living Room,Sideboard,Mid-Range,971.5,1750.29,0.4449,2021-03-06,Active
100888,NVX-100888,Minimalist Fabric Mirror,Lumina,2344,Living Room,Rug,Mid-Range,1113.69,1779.97,0.3743,2021-06-26,Active
100889,NVX-100889,Elegant Rattan Shelf,Lumina,2291,Decoration,Mirror,Premium,90.39,177.18,0.4898,2025-02-02,Active
100890,NVX-100890,Elegant Fabric Mirror,Nordic Living,2392,Bedroom,Chest of Drawers,Mid-Range,534.75,948.95,0.4365,2025-04-22,Active
100891,NVX-100891,Urban Fabric Chest of Drawers,Nordic Living,2185,Lighting,Desk Lamp,Entry,103.4,222.49,0.5353,2025-08-24,Active
100892,NVX-100892,Minimalist Bamboo Dining Table,Nordic Living,2259,Storage,Cabinet,Premium,125.6,218.89,0.4262,2021-07-10,Active
100893,NVX-100893,Modern Walnut Pendant Light,HomeCraft,2156,Storage,Shelf,Premium,142.25,258.46,0.4496,2026-12-31,Active
100894,NVX-100894,Urban Marble Sideboard,Forma Casa,2342,Living Room,Armchair,Mid-Range,248.4,388.8,0.3611,2026-08-02,Active
100895,NVX-100895,Classic Ceramic Chair,Novexa Essentials,2135,Kitchen,Bar Stool,Mid-Range,64.82,109.37,0.4073,2025-09-25,Discontinued
100896,NVX-100896,Smart Glass Shelf,Forma Casa,2119,Decoration,Vase,Entry,51.44,113.75,0.5478,2022-02-06,Active
100897,NVX-100897,Essential Rattan Drawer,Novexa Essentials,2312,Bedroom,Chest of Drawers,Premium,423.69,750.46,0.4354,2023-07-05,Active
100898,NVX-100898,Smart Velvet Shelf,Atelier Home,2238,Storage,Cabinet,Entry,171.62,292.47,0.4132,2023-02-14,Active
100899,NVX-100899,Comfort Oak Mirror,Novexa Essentials,2196,Living Room,Rug,Mid-Range,673.35,1215.75,0.4461,2026-07-18,Active
100900,NVX-100900,Urban Marble Coffee Table,Linea Design,2019,Bedroom,Wardrobe,Entry,508.37,887.39,0.4271,2026-08-25,Active
100901,NVX-100901,Natural Fabric Bench,HomeCraft,2277,Garden,Planter,Entry,82.09,142.54,0.4241,2024-01-18,Active
100902,NVX-100902,Smart Rattan Vanity Unit,Atelier Home,2097,Bedroom,Nightstand,Mid-Range,313.81,561.22,0.4408,2023-11-06,Active
100903,NVX-100903,Minimalist Steel Cabinet,HomeCraft,2173,Storage,Basket,Mid-Range,86.88,173.34,0.4988,2022-12-13,Active
100904,NVX-100904,Vintage Steel Office Desk,Linea Design,2077,Storage,Shelf,Mid-Range,70.08,131.59,0.4674,2025-02-27,Active
100905,NVX-100905,Urban Fabric Storage Cabinet,Novexa Essentials,2148,Home Office,Filing Cabinet,Mid-Range,49.89,105.14,0.5255,2026-09-26,Active
100906,NVX-100906,Modern Oak Desk,Atelier Home,2259,Bathroom,Vanity Unit,Entry,55.92,96.39,0.4199,2023-02-25,Active
100907,NVX-100907,Modern Walnut Office Chair,HomeCraft,2088,Bedroom,Bed,Mid-Range,358.01,597.78,0.4011,2024-06-09,Active
100908,NVX-100908,Compact Glass Dining Table,Lumina,2341,Bedroom,Bed,Premium,269.53,452.64,0.4045,2021-12-16,Active
100909,NVX-100909,Urban Ceramic TV Unit,Lumina,2244,Living Room,Coffee Table,Mid-Range,368.76,545.75,0.3243,2025-08-18,Active
100910,NVX-100910,Comfort Velvet Lamp,Atelier Home,2044,Living Room,Bookcase,Mid-Range,474.22,838.35,0.4343,2026-12-04,Active
100911,NVX-100911,Natural Ceramic Metal Rack,UrbanNest,2082,Bedroom,Bed,Mid-Range,260.19,428.05,0.3922,2026-05-22,Active
100912,NVX-100912,Contemporary Rattan Pendant Light,Green Habitat,2217,Bedroom,Nightstand,Entry,109.43,191.64,0.429,2022-05-02,Active
100913,NVX-100913,Comfort Oak Metal Rack,Nordic Living,2259,Living Room,Corner Sofa,Premium,658.43,946.37,0.3043,2021-10-17,Active
100914,NVX-100914,Nordic Marble Wall Light,Atelier Home,2139,Bedroom,Wardrobe,Mid-Range,375.89,667.97,0.4373,2022-10-29,Active
100915,NVX-100915,Compact Rattan Armchair,HomeCraft,2016,Living Room,Sofa,Entry,934.33,1370.45,0.3182,2024-12-12,Active
100916,NVX-100916,Classic Ceramic TV Unit,Linea Design,2323,Bathroom,Vanity Unit,Premium,59.05,102.25,0.4225,2024-02-06,Active
100917,NVX-100917,Vintage Rattan Nightstand,Atelier Home,2097,Bedroom,Bed,Entry,400.75,669.07,0.401,2021-10-10,Active
100918,NVX-100918,Essential Pine Cabinet,Lumina,2332,Living Room,Rug,Premium,451.42,816.51,0.4471,2026-07-02,Active
100919,NVX-100919,Classic Walnut Outdoor Chair,Atelier Home,2126,Home Office,Filing Cabinet,Entry,98.24,207.76,0.5271,2024-09-27,Active
100920,NVX-100920,Compact Pine Bed,Green Habitat,2159,Lighting,Desk Lamp,Mid-Range,80.89,166.83,0.5151,2023-06-11,Active
100921,NVX-100921,Elegant Oak Basket,Forma Casa,2168,Storage,Basket,Mid-Range,164.69,291.6,0.4352,2025-09-26,Active
100922,NVX-100922,Comfort Marble Mirror,Linea Design,2032,Bedroom,Nightstand,Entry,318.83,492.52,0.3527,2026-11-06,Discontinued
100923,NVX-100923,Minimalist Walnut Armchair,Green Habitat,2205,Bathroom,Storage Cabinet,Premium,48.63,99.48,0.5112,2022-10-19,Active
100924,NVX-100924,Nordic Fabric Dining Table,Linea Design,2025,Storage,Plastic Box,Entry,99.45,209.77,0.5259,2025-09-05,Active
100925,NVX-100925,Elegant Walnut Mirror,Green Habitat,2245,Living Room,TV Unit,Entry,893.94,1512.6,0.409,2024-08-06,Active
100926,NVX-100926,Natural Fabric Office Chair,UrbanNest,2255,Kitchen,Kitchen Cabinet,Entry,71.6,128.2,0.4415,2021-06-03,Active
100927,NVX-100927,Premium Oak Desk Lamp,Atelier Home,2114,Bedroom,Wardrobe,Entry,431.3,734.53,0.4128,2025-12-29,Active
100928,NVX-100928,Natural Velvet Storage Cabinet,Oak & Stone,2270,Bedroom,Wardrobe,Mid-Range,453.8,774.98,0.4144,2024-11-02,Discontinued
100929,NVX-100929,Natural Metal Planter,UrbanNest,2236,Lighting,Wall Light,Premium,31.03,58.74,0.4717,2020-04-02,Active
100930,NVX-100930,Natural Ceramic Cabinet,Forma Casa,2311,Lighting,Pendant Light,Mid-Range,47.18,100.97,0.5327,2021-02-24,Active
100931,NVX-100931,Premium Velvet Dining Table,HomeCraft,2323,Storage,Metal Rack,Mid-Range,137.83,294.28,0.5316,2020-04-13,Active
100932,NVX-100932,Signature Metal Sofa,Oak & Stone,2354,Home Office,Desk,Premium,51.13,100.16,0.4895,2026-04-21,Discontinued
100933,NVX-100933,Modern Metal Bench,Linea Design,2285,Lighting,Wall Light,Premium,62.81,123.42,0.4911,2022-05-24,Active
100934,NVX-100934,Modern Rattan Cabinet,Forma Casa,2399,Garden,BBQ,Mid-Range,71.1,123.72,0.4253,2026-06-08,Active
100935,NVX-100935,Urban Marble Sideboard,UrbanNest,2277,Garden,Garden Storage,Entry,24.58,53.59,0.5413,2023-07-03,Active
100936,NVX-100936,Premium Steel Wardrobe,Nordic Living,2169,Living Room,Rug,Mid-Range,464.76,753.32,0.3831,2025-08-28,Active
100937,NVX-100937,Urban Oak Nightstand,Linea Design,2001,Living Room,Coffee Table,Premium,220.38,368.13,0.4014,2020-09-18,Active
100938,NVX-100938,Signature Ceramic Desk,UrbanNest,2009,Kitchen,Kitchen Shelf,Mid-Range,62.01,115.25,0.462,2020-05-22,Active
100939,NVX-100939,Compact Glass Bench,Oak & Stone,2385,Living Room,Sofa,Entry,646.88,993.91,0.3492,2023-09-16,Discontinued
100940,NVX-100940,Signature Rattan Bed,UrbanNest,2055,Garden,BBQ,Mid-Range,103.03,224.48,0.541,2022-02-23,Active
100941,NVX-100941,Elegant Marble Wardrobe,Nordic Living,2250,Kitchen,Dining Chair,Mid-Range,28.01,48.78,0.4258,2025-10-22,Active
100942,NVX-100942,Compact Walnut Mirror,Forma Casa,2061,Kitchen,Dining Chair,Entry,29.68,50.86,0.4164,2026-04-14,Active
100943,NVX-100943,Contemporary Rattan Office Chair,Novexa Essentials,2158,Lighting,Wall Light,Entry,42.71,105.32,0.5945,2020-08-13,Active
100944,NVX-100944,Modern Rattan Storage Cabinet,Green Habitat,2150,Bathroom,Tall Cabinet,Mid-Range,65.12,111.06,0.4137,2023-01-11,Active
100945,NVX-100945,Vintage Walnut Vanity Unit,Green Habitat,2374,Lighting,Floor Lamp,Mid-Range,90.09,176.24,0.4888,2020-04-18,Active
100946,NVX-100946,Signature Marble Sideboard,Forma Casa,2209,Bedroom,Chest of Drawers,Mid-Range,242.18,386.43,0.3733,2022-11-03,Active
100947,NVX-100947,Natural Velvet Bar Stool,Linea Design,2166,Kitchen,Dining Table,Entry,37.12,78.89,0.5295,2024-11-26,Active
100948,NVX-100948,Urban Oak Outdoor Chair,Novexa Essentials,2390,Bedroom,Chest of Drawers,Entry,420.65,702.8,0.4015,2020-07-11,Active
100949,NVX-100949,Minimalist Bamboo Vanity Unit,Lumina,2154,Bathroom,Vanity Unit,Mid-Range,76.55,147.73,0.4818,2022-04-24,Active
100950,NVX-100950,Vintage Pine Office Desk,Lumina,2165,Garden,BBQ,Premium,73.82,123.81,0.4038,2025-01-21,Discontinued
100951,NVX-100951,Comfort Ceramic Outdoor Table,Linea Design,2147,Decoration,Mirror,Entry,79.14,152.48,0.481,2020-03-27,Active
100952,NVX-100952,Modern Steel Desk,Novexa Essentials,2102,Bathroom,Mirror,Mid-Range,53.03,93.21,0.4311,2020-01-12,Active
100953,NVX-100953,Urban Metal Cabinet,Forma Casa,2216,Bedroom,Wardrobe,Entry,315.44,490.59,0.357,2022-02-23,Active
100954,NVX-100954,Nordic Velvet Table,Green Habitat,2278,Lighting,Floor Lamp,Premium,92.17,169.37,0.4558,2022-11-29,Active
100955,NVX-100955,Smart Metal Table,Nordic Living,2013,Living Room,Bookcase,Mid-Range,240.21,398.74,0.3976,2021-07-21,Active
100956,NVX-100956,Compact Fabric Floor Lamp,UrbanNest,2108,Decoration,Wall Art,Mid-Range,103.37,180.44,0.4271,2021-07-02,Active
100957,NVX-100957,Contemporary Bamboo Cabinet,HomeCraft,2111,Kitchen,Kitchen Shelf,Entry,26.42,46.48,0.4316,2021-06-27,Active
100958,NVX-100958,Urban Steel Bar Stool,Forma Casa,2241,Living Room,Corner Sofa,Mid-Range,347.91,558.23,0.3768,2026-03-21,Active
100959,NVX-100959,Comfort Marble Table,Forma Casa,2019,Living Room,Sideboard,Entry,459.06,816.85,0.438,2026-07-07,Active
100960,NVX-100960,Classic Marble Sofa,Green Habitat,2365,Bathroom,Storage Cabinet,Mid-Range,60.42,104.9,0.424,2020-07-03,Active
100961,NVX-100961,Elegant Steel Kitchen Island,Atelier Home,2047,Bathroom,Tall Cabinet,Mid-Range,43.56,93.2,0.5326,2025-06-04,Active
100962,NVX-100962,Minimalist Ceramic Chair,Nordic Living,2071,Home Office,Desk,Mid-Range,61.51,106.78,0.424,2023-10-31,Active
100963,NVX-100963,Urban Pine BBQ,Nordic Living,2261,Storage,Plastic Box,Entry,92.22,181.11,0.4908,2022-08-18,Active
100964,NVX-100964,Vintage Metal Bar Stool,Green Habitat,2331,Living Room,TV Unit,Mid-Range,452.2,659.47,0.3143,2024-09-14,Active
100965,NVX-100965,Urban Steel Drawer,Lumina,2056,Decoration,Cushion,Mid-Range,94.66,168.07,0.4368,2020-03-12,Active
100966,NVX-100966,Vintage Bamboo Storage Cabinet,Linea Design,2107,Living Room,Sideboard,Mid-Range,479.56,702.23,0.3171,2022-10-07,Active
100967,NVX-100967,Nordic Ceramic Table,Forma Casa,2326,Living Room,Rug,Mid-Range,477.35,797.29,0.4013,2023-09-10,Active
100968,NVX-100968,Modern Metal BBQ,Linea Design,2274,Storage,Plastic Box,Entry,103.57,196.0,0.4716,2024-09-09,Active
100969,NVX-100969,Vintage Rattan Storage Cabinet,Lumina,2023,Bedroom,Dresser,Mid-Range,166.11,281.96,0.4109,2026-12-07,Active
100970,NVX-100970,Contemporary Bamboo Dining Table,UrbanNest,2228,Decoration,Mirror,Mid-Range,132.62,225.35,0.4115,2026-01-27,Active
100971,NVX-100971,Nordic Fabric Bed,HomeCraft,2201,Home Office,Office Chair,Entry,126.4,213.15,0.407,2020-06-19,Active
100972,NVX-100972,Classic Fabric Dining Table,Forma Casa,2335,Living Room,Sideboard,Entry,808.51,1319.21,0.3871,2026-08-12,Active
100973,NVX-100973,Elegant Ceramic BBQ,Novexa Essentials,2130,Garden,Outdoor Chair,Premium,79.25,140.8,0.4371,2024-03-22,Active
100974,NVX-100974,Vintage Marble Planter,Atelier Home,2079,Kitchen,Dining Chair,Entry,56.69,120.76,0.5306,2020-06-27,Active
100975,NVX-100975,Contemporary Oak Chair,Oak & Stone,2283,Bedroom,Dresser,Mid-Range,325.62,518.96,0.3726,2026-04-29,Active
100976,NVX-100976,Urban Walnut TV Unit,Novexa Essentials,2386,Lighting,Floor Lamp,Mid-Range,84.71,155.02,0.4536,2022-08-05,Active
100977,NVX-100977,Vintage Ceramic Sofa,Forma Casa,2085,Garden,Outdoor Table,Mid-Range,37.65,72.29,0.4792,2022-04-22,Active
100978,NVX-100978,Urban Steel Cabinet,Nordic Living,2373,Living Room,TV Unit,Entry,826.42,1276.48,0.3526,2022-01-01,Active
100979,NVX-100979,Smart Steel Coffee Table,Linea Design,2334,Decoration,Mirror,Mid-Range,85.65,182.59,0.5309,2025-07-30,Active
100980,NVX-100980,Premium Glass Outdoor Chair,Nordic Living,2198,Kitchen,Kitchen Cabinet,Mid-Range,32.16,69.7,0.5386,2024-04-05,Active
100981,NVX-100981,Elegant Bamboo Bookcase,HomeCraft,2163,Bedroom,Wardrobe,Premium,524.03,843.49,0.3787,2026-10-22,Active
100982,NVX-100982,Smart Glass Storage Box,Oak & Stone,2051,Bedroom,Dresser,Entry,220.07,367.73,0.4015,2025-12-26,Active
100983,NVX-100983,Premium Pine Bookcase,Nordic Living,2150,Bathroom,Vanity Unit,Entry,45.55,97.61,0.5333,2022-02-28,Active
100984,NVX-100984,Vintage Ceramic Desk Lamp,Green Habitat,2326,Kitchen,Bar Stool,Premium,27.51,58.71,0.5314,2026-02-25,Active
100985,NVX-100985,Natural Glass Chair,HomeCraft,2313,Bedroom,Chest of Drawers,Mid-Range,224.74,346.69,0.3518,2026-10-15,Active
100986,NVX-100986,Modern Marble Bar Stool,UrbanNest,2140,Bathroom,Storage Cabinet,Entry,87.28,157.8,0.4469,2023-04-16,Active
100987,NVX-100987,Classic Fabric Kitchen Island,Oak & Stone,2235,Garden,Outdoor Table,Premium,34.85,76.42,0.544,2021-08-02,Active
100988,NVX-100988,Smart Ceramic Armchair,Green Habitat,2243,Garden,Planter,Entry,34.82,64.44,0.4597,2023-09-20,Active
100989,NVX-100989,Nordic Ceramic Office Chair,Lumina,2095,Bathroom,Vanity Unit,Entry,43.5,93.0,0.5323,2023-02-13,Active
100990,NVX-100990,Minimalist Steel Lamp,Oak & Stone,2377,Living Room,Sofa,Entry,761.26,1305.84,0.417,2024-06-23,Active
100991,NVX-100991,Premium Velvet Mirror,Forma Casa,2339,Bathroom,Tall Cabinet,Entry,40.25,68.44,0.4119,2025-04-21,Active
100992,NVX-100992,Premium Velvet Floor Lamp,UrbanNest,2121,Bedroom,Wardrobe,Mid-Range,513.55,832.31,0.383,2022-09-05,Active
100993,NVX-100993,Premium Glass Sideboard,Atelier Home,2265,Living Room,Coffee Table,Entry,468.82,691.29,0.3218,2023-01-18,Active
100994,NVX-100994,Signature Ceramic TV Unit,Lumina,2071,Living Room,Coffee Table,Mid-Range,601.85,929.79,0.3527,2025-04-22,Active
100995,NVX-100995,Compact Fabric Armchair,HomeCraft,2337,Lighting,Pendant Light,Mid-Range,50.78,108.76,0.5331,2022-05-08,Active
100996,NVX-100996,Urban Pine Bench,UrbanNest,2198,Decoration,Cushion,Mid-Range,142.39,239.0,0.4042,2020-10-08,Active
100997,NVX-100997,Smart Walnut Nightstand,Oak & Stone,2259,Lighting,Pendant Light,Entry,51.35,118.09,0.5652,2023-11-14,Active
100998,NVX-100998,Essential Bamboo Outdoor Chair,Linea Design,2152,Living Room,Armchair,Premium,307.43,444.82,0.3089,2025-05-15,Active
100999,NVX-100999,Urban Rattan Storage Box,Nordic Living,2216,Lighting,Wall Light,Mid-Range,86.27,165.05,0.4773,2026-01-20,Active
101000,NVX-101000,Comfort Walnut Pendant Light,Forma Casa,2085,Living Room,Coffee Table,Mid-Range,575.99,893.12,0.3551,2024-06-21,Active
101001,NVX-101001,Minimalist Marble Coffee Table,Oak & Stone,2291,Garden,BBQ,Premium,68.22,120.12,0.4321,2024-07-08,Active
101002,NVX-101002,Natural Rattan Wardrobe,Green Habitat,2090,Bedroom,Nightstand,Entry,446.61,757.12,0.4101,2026-12-08,Active
101003,NVX-101003,Vintage Oak Pendant Light,UrbanNest,2068,Lighting,Floor Lamp,Mid-Range,63.84,125.74,0.4923,2023-12-20,Active
101004,NVX-101004,Compact Rattan Drawer,Forma Casa,2246,Living Room,Sofa,Entry,711.43,1227.87,0.4206,2024-02-21,Active
101005,NVX-101005,Comfort Glass Chair,Forma Casa,2223,Lighting,Desk Lamp,Mid-Range,38.73,70.66,0.4519,2026-11-30,Active
101006,NVX-101006,Nordic Rattan Mirror,Oak & Stone,2039,Storage,Cabinet,Mid-Range,171.99,295.3,0.4176,2020-12-22,Active
101007,NVX-101007,Contemporary Marble Bookcase,Novexa Essentials,2152,Kitchen,Kitchen Shelf,Premium,49.47,85.56,0.4218,2024-09-23,Active
101008,NVX-101008,Essential Fabric Lamp,HomeCraft,2021,Storage,Metal Rack,Entry,147.45,260.84,0.4347,2020-07-11,Active
101009,NVX-101009,Classic Walnut Storage Box,HomeCraft,2187,Lighting,Table Lamp,Premium,50.93,126.29,0.5967,2023-03-06,Active
101010,NVX-101010,Compact Metal Table,HomeCraft,2016,Decoration,Wall Art,Mid-Range,58.55,124.31,0.529,2022-03-18,Active
101011,NVX-101011,Nordic Walnut Chest of Drawers,Green Habitat,2089,Living Room,Coffee Table,Premium,369.79,668.23,0.4466,2023-01-30,Active
101012,NVX-101012,Essential Walnut Bed,Green Habitat,2112,Storage,Plastic Box,Entry,135.22,262.65,0.4852,2026-10-20,Active
101013,NVX-101013,Nordic Rattan Vanity Unit,Novexa Essentials,2219,Garden,Sun Lounger,Mid-Range,103.33,199.72,0.4826,2024-05-23,Active
101014,NVX-101014,Elegant Metal Lamp,Atelier Home,2144,Kitchen,Bar Stool,Premium,66.21,124.71,0.4691,2023-10-09,Active
101015,NVX-101015,Vintage Fabric Bar Stool,Forma Casa,2202,Lighting,Floor Lamp,Mid-Range,24.07,49.34,0.5122,2025-01-10,Active
101016,NVX-101016,Premium Metal Floor Lamp,Linea Design,2248,Kitchen,Dining Chair,Entry,55.97,108.29,0.4831,2026-01-28,Active
101017,NVX-101017,Nordic Bamboo Coffee Table,HomeCraft,2247,Bathroom,Tall Cabinet,Premium,80.83,165.37,0.5112,2022-11-01,Active
101018,NVX-101018,Smart Bamboo Bed,Nordic Living,2335,Bedroom,Bed,Entry,159.92,270.75,0.4093,2023-03-03,Active
101019,NVX-101019,Signature Oak Coffee Table,Linea Design,2337,Storage,Basket,Mid-Range,175.53,356.33,0.5074,2021-07-02,Active
101020,NVX-101020,Contemporary Velvet Drawer,Atelier Home,2068,Garden,Planter,Mid-Range,55.4,99.75,0.4446,2026-03-23,Active
101021,NVX-101021,Modern Bamboo Dining Table,Nordic Living,2304,Bedroom,Dresser,Premium,316.0,487.02,0.3512,2024-04-30,Active
101022,NVX-101022,Nordic Metal Coffee Table,Lumina,2095,Lighting,Wall Light,Mid-Range,63.78,146.94,0.5659,2022-09-13,Active
101023,NVX-101023,Contemporary Steel Dining Table,Oak & Stone,2325,Living Room,Corner Sofa,Mid-Range,470.39,778.24,0.3956,2024-04-04,Active
101024,NVX-101024,Urban Bamboo Desk,Nordic Living,2169,Decoration,Cushion,Mid-Range,88.07,159.35,0.4473,2025-10-22,Active
101025,NVX-101025,Urban Oak Storage Box,Nordic Living,2109,Garden,BBQ,Entry,63.36,133.06,0.5238,2026-05-31,Discontinued
101026,NVX-101026,Compact Marble BBQ,Forma Casa,2293,Bedroom,Dresser,Entry,449.26,809.12,0.4448,2025-03-18,Active
101027,NVX-101027,Minimalist Ceramic Bookcase,Green Habitat,2209,Bedroom,Wardrobe,Premium,207.48,376.06,0.4483,2024-02-06,Active
101028,NVX-101028,Natural Oak Wall Light,Novexa Essentials,2013,Lighting,Table Lamp,Premium,57.88,144.19,0.5986,2024-08-23,Active
101029,NVX-101029,Essential Steel Chest of Drawers,Linea Design,2171,Bedroom,Wardrobe,Mid-Range,341.05,572.29,0.4041,2021-05-26,Active
101030,NVX-101030,Signature Velvet Planter,Linea Design,2163,Home Office,Desk,Mid-Range,82.94,148.99,0.4433,2024-08-21,Active
101031,NVX-101031,Compact Ceramic Outdoor Table,Lumina,2219,Lighting,Table Lamp,Entry,58.67,110.74,0.4702,2020-10-09,Active
101032,NVX-101032,Compact Bamboo TV Unit,Forma Casa,2289,Kitchen,Dining Chair,Mid-Range,46.49,96.21,0.5168,2021-03-21,Active
101033,NVX-101033,Signature Glass Floor Lamp,Green Habitat,2124,Bedroom,Dresser,Mid-Range,570.12,912.37,0.3751,2022-05-12,Discontinued
101034,NVX-101034,Vintage Metal Outdoor Table,Lumina,2013,Garden,BBQ,Mid-Range,101.11,181.78,0.4438,2021-08-31,Active
101035,NVX-101035,Urban Ceramic Office Chair,HomeCraft,2369,Decoration,Vase,Mid-Range,65.83,112.08,0.4127,2022-06-09,Active
101036,NVX-101036,Contemporary Steel Basket,Nordic Living,2220,Storage,Plastic Box,Entry,237.5,399.06,0.4049,2025-07-05,Active
101037,NVX-101037,Signature Velvet BBQ,Nordic Living,2382,Decoration,Clock,Mid-Range,74.31,134.03,0.4456,2025-10-19,Active
101038,NVX-101038,Contemporary Fabric Mirror,HomeCraft,2079,Living Room,Sideboard,Mid-Range,246.71,364.33,0.3228,2023-10-26,Active
101039,NVX-101039,Premium Oak Bookcase,HomeCraft,2246,Kitchen,Kitchen Island,Mid-Range,54.45,103.22,0.4725,2026-09-22,Active
101040,NVX-101040,Minimalist Velvet Coffee Table,Novexa Essentials,2329,Kitchen,Kitchen Shelf,Entry,26.04,56.95,0.5428,2020-10-22,Active
101041,NVX-101041,Natural Bamboo TV Unit,Linea Design,2248,Living Room,Sofa,Mid-Range,1044.4,1589.09,0.3428,2024-12-01,Active
101042,NVX-101042,Vintage Rattan Shelf,Novexa Essentials,2024,Living Room,Sofa,Premium,654.73,936.52,0.3009,2026-03-21,Active
101043,NVX-101043,Classic Marble Storage Cabinet,Forma Casa,2392,Bedroom,Chest of Drawers,Entry,185.49,300.58,0.3829,2022-07-31,Active
101044,NVX-101044,Signature Rattan TV Unit,Linea Design,2103,Lighting,Table Lamp,Mid-Range,50.21,111.22,0.5486,2025-09-18,Discontinued
101045,NVX-101045,Nordic Metal Wall Light,Linea Design,2302,Home Office,Filing Cabinet,Mid-Range,101.88,199.02,0.4881,2025-07-08,Active
101046,NVX-101046,Modern Oak Dining Table,Oak & Stone,2387,Lighting,Wall Light,Mid-Range,52.58,105.92,0.5036,2026-04-04,Active
101047,NVX-101047,Smart Steel BBQ,Linea Design,2043,Storage,Metal Rack,Premium,212.44,368.46,0.4234,2023-06-01,Active
101048,NVX-101048,Premium Metal Dining Table,Lumina,2049,Storage,Shelf,Entry,174.23,316.2,0.449,2026-08-16,Active
101049,NVX-101049,Nordic Steel Vanity Unit,Forma Casa,2321,Lighting,Table Lamp,Premium,43.06,98.41,0.5624,2021-02-21,Active
101050,NVX-101050,Compact Rattan Dining Table,Atelier Home,2125,Lighting,Pendant Light,Mid-Range,57.19,138.13,0.586,2024-11-25,Active
101051,NVX-101051,Essential Bamboo Shelf,Green Habitat,2204,Storage,Shelf,Entry,175.22,303.72,0.4231,2025-05-08,Active
101052,NVX-101052,Modern Rattan TV Unit,Forma Casa,2394,Bedroom,Nightstand,Mid-Range,386.98,680.68,0.4315,2022-05-29,Active
101053,NVX-101053,Minimalist Bamboo Mirror,HomeCraft,2360,Storage,Cabinet,Mid-Range,71.49,146.76,0.5129,2022-01-09,Active
101054,NVX-101054,Classic Oak Bench,Forma Casa,2206,Bedroom,Bed,Entry,208.49,359.29,0.4197,2022-09-03,Active
101055,NVX-101055,Urban Pine Wall Light,Oak & Stone,2250,Bathroom,Storage Cabinet,Entry,68.56,128.07,0.4647,2025-01-14,Active
101056,NVX-101056,Nordic Marble Office Desk,Novexa Essentials,2223,Storage,Cabinet,Mid-Range,83.45,145.11,0.4249,2020-11-03,Active
101057,NVX-101057,Minimalist Metal Armchair,Lumina,2194,Bathroom,Vanity Unit,Entry,51.99,102.45,0.4925,2026-10-13,Active
101058,NVX-101058,Signature Oak Desk,Novexa Essentials,2121,Bedroom,Dresser,Mid-Range,245.07,421.0,0.4179,2022-08-30,Active
101059,NVX-101059,Compact Pine Pendant Light,Lumina,2247,Bedroom,Chest of Drawers,Premium,206.28,326.51,0.3682,2020-07-30,Active
101060,NVX-101060,Nordic Steel Dining Table,HomeCraft,2182,Living Room,Sideboard,Mid-Range,789.64,1302.57,0.3938,2023-11-02,Active
101061,NVX-101061,Compact Walnut Drawer,Forma Casa,2263,Living Room,TV Unit,Entry,752.12,1294.71,0.4191,2026-05-18,Active
101062,NVX-101062,Nordic Glass Floor Lamp,Atelier Home,2026,Home Office,Desk,Mid-Range,97.37,190.97,0.4901,2020-04-03,Active
101063,NVX-101063,Smart Glass Storage Cabinet,UrbanNest,2278,Living Room,Bookcase,Premium,537.03,848.36,0.367,2026-04-29,Active
101064,NVX-101064,Signature Steel Desk,Novexa Essentials,2095,Bedroom,Chest of Drawers,Mid-Range,346.69,535.8,0.3529,2024-04-04,Active
101065,NVX-101065,Modern Steel Planter,Linea Design,2340,Kitchen,Dining Table,Mid-Range,47.63,93.7,0.4917,2026-10-07,Active
101066,NVX-101066,Natural Glass Sideboard,HomeCraft,2393,Home Office,Bookcase,Mid-Range,98.13,203.49,0.5178,2021-10-15,Active
101067,NVX-101067,Classic Marble Pendant Light,Nordic Living,2101,Bedroom,Wardrobe,Mid-Range,356.16,567.51,0.3724,2022-01-08,Active
101068,NVX-101068,Essential Ceramic Sideboard,UrbanNest,2294,Living Room,Sideboard,Entry,693.72,1003.26,0.3085,2021-03-04,Active
101069,NVX-101069,Smart Ceramic Storage Cabinet,Nordic Living,2109,Bedroom,Nightstand,Mid-Range,278.53,443.59,0.3721,2025-03-11,Active
101070,NVX-101070,Comfort Velvet Metal Rack,Atelier Home,2334,Garden,Garden Storage,Entry,85.4,171.62,0.5024,2023-11-26,Active
101071,NVX-101071,Vintage Marble Mirror,Lumina,2248,Decoration,Mirror,Mid-Range,62.94,116.16,0.4582,2020-12-07,Active
101072,NVX-101072,Essential Fabric Outdoor Chair,Forma Casa,2011,Bedroom,Bed,Premium,169.31,296.47,0.4289,2020-10-10,Active
101073,NVX-101073,Minimalist Velvet Mirror,HomeCraft,2161,Living Room,Bookcase,Entry,550.89,793.52,0.3058,2020-10-24,Active
101074,NVX-101074,Nordic Fabric Outdoor Chair,HomeCraft,2192,Garden,Outdoor Table,Entry,36.65,76.13,0.5186,2024-08-21,Active
101075,NVX-101075,Signature Steel Wall Light,Atelier Home,2285,Decoration,Clock,Premium,81.75,169.05,0.5164,2024-06-28,Active
101076,NVX-101076,Urban Glass Table,Novexa Essentials,2034,Living Room,TV Unit,Mid-Range,800.41,1228.55,0.3485,2024-02-19,Active
101077,NVX-101077,Classic Steel Dining Table,Novexa Essentials,2053,Bathroom,Mirror,Mid-Range,42.53,80.4,0.471,2021-08-20,Active
101078,NVX-101078,Classic Bamboo Bench,Lumina,2155,Living Room,Armchair,Mid-Range,597.78,904.34,0.339,2024-09-19,Active
101079,NVX-101079,Comfort Steel Outdoor Chair,Linea Design,2180,Home Office,Office Chair,Mid-Range,103.08,228.2,0.5483,2025-06-23,Active
101080,NVX-101080,Comfort Oak Lamp,HomeCraft,2151,Lighting,Floor Lamp,Premium,72.45,175.73,0.5877,2025-08-31,Active
101081,NVX-101081,Elegant Glass Bench,Oak & Stone,2313,Bedroom,Chest of Drawers,Mid-Range,280.93,495.29,0.4328,2020-04-15,Discontinued
101082,NVX-101082,Natural Ceramic Lamp,Nordic Living,2279,Kitchen,Kitchen Cabinet,Premium,27.94,50.98,0.4519,2024-11-30,Active
101083,NVX-101083,Essential Rattan Wall Light,Linea Design,2198,Bathroom,Mirror,Premium,59.64,128.57,0.5361,2024-02-08,Active
101084,NVX-101084,Minimalist Steel Coffee Table,HomeCraft,2300,Home Office,Desk,Mid-Range,65.08,135.28,0.5189,2023-04-13,Active
101085,NVX-101085,Vintage Glass Floor Lamp,Forma Casa,2034,Kitchen,Kitchen Shelf,Entry,47.95,88.78,0.4599,2025-10-31,Active
101086,NVX-101086,Comfort Rattan TV Unit,Green Habitat,2359,Living Room,Sideboard,Mid-Range,560.72,814.08,0.3112,2024-03-20,Active
101087,NVX-101087,Urban Velvet Metal Rack,Lumina,2207,Lighting,Desk Lamp,Entry,64.45,147.91,0.5643,2022-01-13,Active
101088,NVX-101088,Contemporary Metal Cabinet,Oak & Stone,2070,Home Office,Bookcase,Entry,67.28,120.7,0.4426,2021-07-18,Active
101089,NVX-101089,Nordic Walnut Office Desk,Atelier Home,2249,Garden,Outdoor Table,Premium,45.6,99.71,0.5427,2022-10-15,Active
101090,NVX-101090,Nordic Rattan Office Chair,Oak & Stone,2008,Kitchen,Dining Table,Premium,42.18,83.48,0.4947,2024-04-28,Active
101091,NVX-101091,Signature Oak Storage Box,Novexa Essentials,2259,Living Room,Bookcase,Mid-Range,230.32,346.87,0.336,2025-11-21,Active
101092,NVX-101092,Classic Rattan Desk,Novexa Essentials,2361,Home Office,Filing Cabinet,Premium,109.13,241.85,0.5488,2023-12-13,Active
101093,NVX-101093,Vintage Steel Outdoor Table,Green Habitat,2327,Lighting,Floor Lamp,Mid-Range,83.32,155.6,0.4645,2020-08-31,Active
101094,NVX-101094,Vintage Glass TV Unit,HomeCraft,2271,Storage,Metal Rack,Mid-Range,84.43,156.23,0.4596,2021-07-08,Active
101095,NVX-101095,Comfort Velvet Bed,Lumina,2044,Bathroom,Mirror,Entry,48.66,97.15,0.4991,2023-07-25,Active
101096,NVX-101096,Essential Velvet Vanity Unit,Lumina,2034,Lighting,Wall Light,Mid-Range,48.74,104.6,0.534,2020-05-14,Active
101097,NVX-101097,Premium Marble Shelf,Oak & Stone,2394,Living Room,Sideboard,Premium,165.27,283.31,0.4166,2021-07-24,Active
101098,NVX-101098,Natural Pine Kitchen Island,Atelier Home,2305,Garden,Garden Storage,Premium,135.71,276.15,0.5086,2024-10-04,Active
101099,NVX-101099,Premium Bamboo Storage Box,Forma Casa,2007,Living Room,Sideboard,Mid-Range,532.54,925.35,0.4245,2023-05-17,Active
101100,NVX-101100,Contemporary Fabric Shelf,Nordic Living,2323,Kitchen,Dining Table,Mid-Range,29.6,53.18,0.4434,2020-07-29,Discontinued
101101,NVX-101101,Essential Oak Bench,HomeCraft,2253,Lighting,Floor Lamp,Entry,49.35,101.66,0.5146,2025-10-10,Active
101102,NVX-101102,Contemporary Marble Dining Table,Novexa Essentials,2163,Home Office,Office Chair,Mid-Range,93.6,162.11,0.4226,2024-12-26,Active
101103,NVX-101103,Essential Bamboo Storage Box,Novexa Essentials,2304,Bedroom,Wardrobe,Mid-Range,193.18,336.97,0.4267,2023-11-08,Active
101104,NVX-101104,Signature Marble Desk,Green Habitat,2143,Decoration,Mirror,Mid-Range,83.55,149.83,0.4424,2023-09-21,Active
101105,NVX-101105,Signature Marble Storage Box,Linea Design,2071,Decoration,Vase,Entry,51.89,96.34,0.4614,2024-02-19,Active
101106,NVX-101106,Contemporary Marble Kitchen Island,Green Habitat,2225,Kitchen,Kitchen Cabinet,Premium,24.32,45.21,0.4621,2021-03-26,Active
101107,NVX-101107,Essential Walnut Lamp,Linea Design,2383,Kitchen,Dining Chair,Mid-Range,36.82,73.38,0.4982,2021-09-25,Active
101108,NVX-101108,Contemporary Velvet Nightstand,Lumina,2315,Home Office,Filing Cabinet,Mid-Range,66.59,114.8,0.4199,2021-02-23,Active
101109,NVX-101109,Vintage Marble Storage Box,Linea Design,2113,Garden,BBQ,Entry,60.61,133.88,0.5473,2021-10-19,Active
101110,NVX-101110,Elegant Oak Pendant Light,Nordic Living,2177,Garden,Planter,Mid-Range,44.68,93.83,0.5238,2021-11-14,Active
101111,NVX-101111,Elegant Glass Vanity Unit,HomeCraft,2319,Living Room,Corner Sofa,Premium,609.12,1107.48,0.45,2023-07-12,Active
101112,NVX-101112,Nordic Glass Pendant Light,UrbanNest,2384,Kitchen,Bar Stool,Entry,65.85,124.8,0.4724,2024-03-21,Active
101113,NVX-101113,Urban Fabric Pendant Light,Atelier Home,2290,Garden,Planter,Mid-Range,114.42,224.08,0.4894,2021-05-05,Active
101114,NVX-101114,Signature Walnut Storage Cabinet,Novexa Essentials,2097,Bedroom,Chest of Drawers,Entry,179.4,316.11,0.4325,2021-04-28,Active
101115,NVX-101115,Comfort Glass BBQ,Linea Design,2091,Kitchen,Kitchen Cabinet,Mid-Range,42.11,85.49,0.5074,2026-03-03,Active
101116,NVX-101116,Classic Pine Chair,Lumina,2387,Kitchen,Dining Table,Entry,53.06,112.16,0.5269,2026-12-01,Active
101117,NVX-101117,Classic Walnut TV Unit,Linea Design,2027,Lighting,Table Lamp,Entry,35.89,83.51,0.5702,2025-04-09,Active
101118,NVX-101118,Compact Bamboo Cabinet,Linea Design,2063,Bathroom,Tall Cabinet,Mid-Range,41.17,82.26,0.4995,2023-01-28,Active
101119,NVX-101119,Nordic Marble Desk,Novexa Essentials,2096,Kitchen,Bar Stool,Entry,47.48,98.08,0.5159,2022-01-10,Active
101120,NVX-101120,Signature Oak Table,Linea Design,2138,Living Room,TV Unit,Entry,720.78,1181.13,0.3898,2023-11-26,Active
101121,NVX-101121,Premium Steel Sofa,HomeCraft,2169,Storage,Basket,Mid-Range,93.71,166.29,0.4365,2023-11-07,Active
101122,NVX-101122,Natural Fabric Planter,Novexa Essentials,2111,Living Room,TV Unit,Mid-Range,1019.98,1817.69,0.4389,2025-11-04,Active
101123,NVX-101123,Nordic Steel Chest of Drawers,UrbanNest,2223,Home Office,Desk,Entry,44.64,92.41,0.5169,2023-11-17,Active
101124,NVX-101124,Premium Metal Storage Box,Forma Casa,2014,Lighting,Table Lamp,Entry,46.79,88.28,0.47,2020-06-24,Active
101125,NVX-101125,Natural Rattan Desk,Novexa Essentials,2148,Lighting,Wall Light,Mid-Range,78.03,165.19,0.5276,2023-01-19,Active
101126,NVX-101126,Smart Rattan Floor Lamp,Novexa Essentials,2195,Bathroom,Tall Cabinet,Mid-Range,68.38,118.87,0.4247,2025-01-11,Active
101127,NVX-101127,Essential Rattan Floor Lamp,Green Habitat,2205,Home Office,Desk,Mid-Range,86.93,187.13,0.5355,2026-09-26,Discontinued
101128,NVX-101128,Elegant Fabric Wardrobe,Oak & Stone,2356,Decoration,Mirror,Mid-Range,65.43,142.64,0.5413,2024-01-20,Active
101129,NVX-101129,Signature Fabric Vanity Unit,Nordic Living,2066,Kitchen,Kitchen Island,Mid-Range,28.64,58.61,0.5113,2024-01-07,Active
101130,NVX-101130,Vintage Ceramic Office Chair,Nordic Living,2249,Decoration,Cushion,Mid-Range,88.17,167.09,0.4723,2022-05-25,Active
101131,NVX-101131,Essential Velvet Outdoor Table,Atelier Home,2343,Lighting,Wall Light,Premium,98.03,232.57,0.5785,2023-01-18,Active
101132,NVX-101132,Vintage Ceramic Storage Cabinet,Linea Design,2383,Garden,Planter,Mid-Range,54.02,115.34,0.5316,2024-01-08,Active
101133,NVX-101133,Minimalist Bamboo Sofa,UrbanNest,2196,Bathroom,Vanity Unit,Mid-Range,76.21,133.58,0.4295,2025-03-20,Active
101134,NVX-101134,Essential Glass Table,Atelier Home,2154,Bathroom,Vanity Unit,Mid-Range,22.82,41.43,0.4492,2024-06-14,Active
101135,NVX-101135,Natural Walnut Bench,Oak & Stone,2181,Garden,BBQ,Entry,108.38,205.39,0.4723,2026-08-24,Active
101136,NVX-101136,Classic Metal Desk Lamp,Lumina,2158,Home Office,Filing Cabinet,Premium,56.54,115.32,0.5097,2022-06-08,Active
101137,NVX-101137,Smart Velvet Shelf,Forma Casa,2362,Lighting,Desk Lamp,Mid-Range,45.0,96.8,0.5351,2020-09-08,Active
101138,NVX-101138,Contemporary Rattan Bench,Green Habitat,2115,Kitchen,Bar Stool,Mid-Range,76.53,131.19,0.4166,2020-02-18,Active
101139,NVX-101139,Essential Fabric BBQ,Oak & Stone,2282,Bedroom,Nightstand,Mid-Range,361.44,607.45,0.405,2021-08-18,Active
101140,NVX-101140,Urban Walnut Bar Stool,Oak & Stone,2201,Bathroom,Storage Cabinet,Entry,34.67,70.13,0.5056,2023-07-26,Active
101141,NVX-101141,Modern Fabric TV Unit,Linea Design,2031,Bedroom,Dresser,Mid-Range,302.73,520.25,0.4181,2026-09-01,Active
101142,NVX-101142,Nordic Velvet Planter,Green Habitat,2190,Bedroom,Wardrobe,Mid-Range,295.0,521.92,0.4348,2020-03-08,Active
101143,NVX-101143,Minimalist Glass Sofa,Nordic Living,2171,Lighting,Table Lamp,Entry,75.53,144.47,0.4772,2022-12-31,Active
101144,NVX-101144,Classic Metal Storage Box,Green Habitat,2142,Living Room,Coffee Table,Mid-Range,391.23,671.06,0.417,2021-07-23,Active
101145,NVX-101145,Classic Rattan Shelf,Novexa Essentials,2028,Garden,Garden Storage,Mid-Range,71.07,136.21,0.4782,2020-05-16,Active
101146,NVX-101146,Smart Walnut Cabinet,Linea Design,2174,Bedroom,Chest of Drawers,Entry,309.39,523.18,0.4086,2023-10-17,Active
101147,NVX-101147,Classic Oak Office Desk,Lumina,2060,Bedroom,Wardrobe,Mid-Range,478.05,834.52,0.4272,2025-11-29,Active
101148,NVX-101148,Premium Steel Wardrobe,Novexa Essentials,2312,Living Room,TV Unit,Entry,374.45,662.06,0.4344,2022-08-05,Active
101149,NVX-101149,Vintage Metal Bar Stool,Forma Casa,2169,Living Room,Armchair,Premium,1072.87,1634.15,0.3435,2023-04-28,Active
101150,NVX-101150,Essential Ceramic Cabinet,HomeCraft,2313,Garden,Planter,Entry,63.65,120.61,0.4723,2020-11-14,Active
101151,NVX-101151,Minimalist Pine Shelf,Linea Design,2153,Garden,Garden Storage,Premium,52.23,112.77,0.5368,2024-09-24,Active
101152,NVX-101152,Vintage Glass Desk,Forma Casa,2387,Bathroom,Storage Cabinet,Mid-Range,56.19,116.45,0.5175,2026-03-18,Active
101153,NVX-101153,Comfort Rattan Bed,Novexa Essentials,2151,Decoration,Clock,Mid-Range,44.7,94.81,0.5285,2025-09-27,Active
101154,NVX-101154,Elegant Marble Outdoor Chair,Lumina,2280,Bedroom,Chest of Drawers,Entry,275.11,434.2,0.3664,2024-02-11,Active
101155,NVX-101155,Signature Velvet Shelf,UrbanNest,2156,Kitchen,Kitchen Shelf,Entry,28.25,58.03,0.5132,2023-08-19,Active
101156,NVX-101156,Comfort Ceramic Shelf,Atelier Home,2012,Bedroom,Chest of Drawers,Mid-Range,232.59,365.99,0.3645,2020-07-22,Active
101157,NVX-101157,Elegant Pine Storage Cabinet,Lumina,2313,Home Office,Desk,Entry,50.07,98.55,0.4919,2025-04-29,Active
101158,NVX-101158,Modern Pine Dining Table,Green Habitat,2035,Lighting,Table Lamp,Mid-Range,57.75,119.37,0.5162,2025-01-04,Active
101159,NVX-101159,Vintage Glass Office Chair,Oak & Stone,2047,Bathroom,Storage Cabinet,Mid-Range,78.91,149.36,0.4717,2023-04-24,Active
101160,NVX-101160,Premium Marble BBQ,Lumina,2277,Garden,BBQ,Mid-Range,90.57,170.43,0.4686,2021-10-31,Active
101161,NVX-101161,Vintage Walnut Mirror,Atelier Home,2246,Storage,Plastic Box,Entry,174.87,349.2,0.4992,2023-02-06,Active
101162,NVX-101162,Classic Marble Vanity Unit,UrbanNest,2369,Decoration,Clock,Mid-Range,51.44,89.36,0.4244,2021-10-23,Discontinued
101163,NVX-101163,Comfort Velvet TV Unit,Oak & Stone,2054,Living Room,Sofa,Entry,826.73,1309.87,0.3688,2021-05-28,Active
101164,NVX-101164,Smart Oak Sideboard,Green Habitat,2265,Storage,Plastic Box,Entry,74.54,150.67,0.5053,2025-01-23,Active
101165,NVX-101165,Classic Rattan Office Desk,HomeCraft,2257,Garden,Sun Lounger,Mid-Range,66.08,132.47,0.5012,2024-10-24,Active
101166,NVX-101166,Urban Walnut Drawer,HomeCraft,2154,Garden,Planter,Entry,75.73,142.18,0.4674,2020-09-19,Active
101167,NVX-101167,Contemporary Fabric Bed,Nordic Living,2129,Lighting,Pendant Light,Entry,46.85,98.27,0.5233,2025-10-01,Active
101168,NVX-101168,Signature Glass Shelf,Linea Design,2137,Storage,Metal Rack,Entry,134.6,258.97,0.4802,2022-08-15,Active
101169,NVX-101169,Nordic Glass TV Unit,Nordic Living,2251,Kitchen,Kitchen Shelf,Mid-Range,27.65,52.33,0.4716,2020-09-07,Active
101170,NVX-101170,Contemporary Ceramic Dining Table,Oak & Stone,2205,Lighting,Table Lamp,Entry,61.26,117.8,0.48,2024-05-20,Discontinued
101171,NVX-101171,Essential Bamboo Bar Stool,HomeCraft,2111,Lighting,Pendant Light,Entry,41.05,102.56,0.5997,2021-01-02,Active
101172,NVX-101172,Smart Pine Coffee Table,Oak & Stone,2149,Living Room,Coffee Table,Mid-Range,786.34,1225.6,0.3584,2022-05-21,Active
101173,NVX-101173,Comfort Pine Planter,Nordic Living,2339,Kitchen,Kitchen Island,Entry,29.98,56.89,0.473,2022-07-04,Active
101174,NVX-101174,Modern Marble Kitchen Island,Novexa Essentials,2154,Garden,Planter,Mid-Range,69.56,147.99,0.53,2022-01-29,Active
101175,NVX-101175,Compact Ceramic Cabinet,Novexa Essentials,2297,Bathroom,Tall Cabinet,Mid-Range,53.02,97.29,0.455,2020-03-24,Active
101176,NVX-101176,Premium Metal Table,Nordic Living,2329,Living Room,Armchair,Mid-Range,751.32,1122.57,0.3307,2023-09-25,Active
101177,NVX-101177,Essential Rattan Drawer,Oak & Stone,2268,Kitchen,Dining Table,Entry,53.91,90.01,0.4011,2021-10-18,Active
101178,NVX-101178,Modern Ceramic Chest of Drawers,Lumina,2203,Living Room,Armchair,Premium,780.42,1221.39,0.361,2020-08-01,Active
101179,NVX-101179,Urban Walnut Kitchen Island,Lumina,2003,Bathroom,Tall Cabinet,Mid-Range,65.64,143.16,0.5415,2021-01-02,Active
101180,NVX-101180,Compact Ceramic Vanity Unit,Forma Casa,2258,Living Room,Sideboard,Mid-Range,382.43,610.1,0.3732,2022-02-07,Active
101181,NVX-101181,Compact Ceramic Coffee Table,Linea Design,2234,Decoration,Cushion,Mid-Range,58.06,101.63,0.4287,2020-11-25,Active
101182,NVX-101182,Compact Velvet Vanity Unit,Novexa Essentials,2117,Bathroom,Storage Cabinet,Entry,90.08,187.39,0.5193,2023-11-09,Active
101183,NVX-101183,Classic Glass Kitchen Island,Novexa Essentials,2164,Decoration,Vase,Mid-Range,86.61,186.49,0.5356,2023-11-24,Active
101184,NVX-101184,Contemporary Oak Table,Nordic Living,2386,Garden,Garden Storage,Entry,108.15,212.78,0.4917,2026-03-04,Active
101185,NVX-101185,Classic Ceramic Mirror,Forma Casa,2289,Bedroom,Wardrobe,Entry,483.68,775.82,0.3766,2025-04-28,Active
101186,NVX-101186,Minimalist Fabric Sideboard,UrbanNest,2006,Decoration,Clock,Mid-Range,46.56,103.18,0.5487,2023-07-22,Active
101187,NVX-101187,Elegant Metal Drawer,Lumina,2318,Garden,Outdoor Chair,Mid-Range,77.34,141.35,0.4528,2025-01-05,Active
101188,NVX-101188,Compact Bamboo Storage Cabinet,UrbanNest,2308,Garden,Outdoor Chair,Mid-Range,57.69,110.54,0.4781,2025-03-24,Active
101189,NVX-101189,Elegant Glass Sofa,HomeCraft,2074,Kitchen,Dining Chair,Mid-Range,56.74,105.39,0.4616,2021-10-14,Active
101190,NVX-101190,Urban Rattan Dining Table,Forma Casa,2083,Garden,Planter,Entry,108.29,193.32,0.4398,2020-03-30,Active
101191,NVX-101191,Elegant Walnut Wardrobe,Oak & Stone,2060,Living Room,Bookcase,Premium,425.43,664.86,0.3601,2024-11-06,Active
101192,NVX-101192,Classic Bamboo Lamp,Nordic Living,2019,Bathroom,Storage Cabinet,Mid-Range,53.61,93.84,0.4287,2025-01-17,Active
101193,NVX-101193,Contemporary Glass Storage Box,Linea Design,2243,Home Office,Office Chair,Mid-Range,103.6,173.24,0.402,2022-12-10,Active
101194,NVX-101194,Elegant Rattan Outdoor Table,Atelier Home,2262,Bathroom,Mirror,Mid-Range,48.53,98.18,0.5057,2020-06-14,Active
101195,NVX-101195,Natural Glass Bar Stool,Linea Design,2362,Storage,Cabinet,Entry,63.26,135.75,0.534,2025-12-18,Active
101196,NVX-101196,Vintage Metal Cabinet,HomeCraft,2096,Kitchen,Kitchen Island,Premium,32.7,66.55,0.5086,2021-09-14,Active
101197,NVX-101197,Premium Velvet Storage Box,Forma Casa,2233,Kitchen,Kitchen Island,Premium,58.7,124.14,0.5271,2025-08-19,Active
101198,NVX-101198,Smart Bamboo Planter,Nordic Living,2136,Storage,Basket,Entry,97.69,198.89,0.5088,2024-02-15,Active
101199,NVX-101199,Elegant Walnut Desk Lamp,UrbanNest,2002,Garden,BBQ,Entry,115.38,209.62,0.4496,2020-08-06,Active
101200,NVX-101200,Signature Bamboo Wall Light,Oak & Stone,2038,Decoration,Clock,Entry,52.13,113.9,0.5423,2020-09-02,Active
101201,NVX-101201,Compact Steel Metal Rack,Forma Casa,2207,Bedroom,Nightstand,Entry,485.61,768.14,0.3678,2020-10-23,Discontinued
101202,NVX-101202,Elegant Pine TV Unit,Green Habitat,2094,Garden,BBQ,Mid-Range,99.85,176.69,0.4349,2020-10-03,Active
101203,NVX-101203,Urban Velvet Coffee Table,Oak & Stone,2029,Garden,Outdoor Chair,Entry,71.7,128.47,0.4419,2025-10-23,Active
101204,NVX-101204,Signature Metal Planter,Novexa Essentials,2011,Garden,Planter,Premium,47.9,80.1,0.402,2025-01-29,Active
101205,NVX-101205,Natural Glass Chest of Drawers,Lumina,2135,Bedroom,Dresser,Premium,559.77,960.8,0.4174,2025-08-31,Active
101206,NVX-101206,Premium Glass Sideboard,HomeCraft,2120,Garden,Outdoor Table,Mid-Range,106.37,210.11,0.4937,2020-08-21,Active
101207,NVX-101207,Essential Walnut Coffee Table,HomeCraft,2031,Storage,Cabinet,Entry,127.55,234.76,0.4567,2023-05-17,Active
101208,NVX-101208,Premium Ceramic Basket,Novexa Essentials,2032,Lighting,Wall Light,Entry,48.6,94.61,0.4863,2021-08-05,Active
101209,NVX-101209,Nordic Walnut Mirror,Novexa Essentials,2319,Garden,Planter,Entry,135.26,266.15,0.4918,2022-06-06,Active
101210,NVX-101210,Signature Walnut Bar Stool,UrbanNest,2356,Bathroom,Storage Cabinet,Entry,62.29,130.62,0.5231,2025-06-13,Discontinued
101211,NVX-101211,Natural Marble Metal Rack,Novexa Essentials,2072,Storage,Basket,Mid-Range,209.35,356.0,0.4119,2021-08-12,Active
101212,NVX-101212,Urban Fabric Lamp,UrbanNest,2070,Kitchen,Kitchen Cabinet,Premium,58.98,113.92,0.4823,2022-07-02,Active
101213,NVX-101213,Smart Bamboo BBQ,Oak & Stone,2279,Living Room,Corner Sofa,Entry,494.27,837.87,0.4101,2020-02-13,Active
101214,NVX-101214,Minimalist Metal Bookcase,Forma Casa,2277,Decoration,Clock,Mid-Range,63.72,136.31,0.5325,2024-06-28,Active
101215,NVX-101215,Nordic Walnut Shelf,Forma Casa,2151,Living Room,Coffee Table,Mid-Range,484.54,854.81,0.4332,2024-12-17,Active
101216,NVX-101216,Premium Pine Office Chair,Novexa Essentials,2232,Living Room,Sofa,Mid-Range,723.92,1302.98,0.4444,2024-10-18,Active
101217,NVX-101217,Compact Fabric Desk,Linea Design,2004,Storage,Basket,Entry,150.57,266.23,0.4344,2023-07-07,Active
101218,NVX-101218,Natural Metal Metal Rack,Lumina,2082,Living Room,Sofa,Entry,1168.16,1965.13,0.4056,2020-01-07,Active
101219,NVX-101219,Elegant Fabric Office Chair,Green Habitat,2369,Lighting,Desk Lamp,Mid-Range,51.71,101.86,0.4923,2021-06-08,Active
101220,NVX-101220,Urban Bamboo Office Chair,Nordic Living,2213,Decoration,Wall Art,Entry,55.59,93.4,0.4048,2021-01-12,Active
101221,NVX-101221,Signature Bamboo Kitchen Island,Forma Casa,2249,Bathroom,Vanity Unit,Premium,51.77,103.04,0.4976,2025-08-16,Active
101222,NVX-101222,Natural Steel Coffee Table,Oak & Stone,2023,Lighting,Table Lamp,Mid-Range,69.84,171.55,0.5929,2026-07-01,Active
101223,NVX-101223,Classic Velvet Pendant Light,Nordic Living,2313,Lighting,Desk Lamp,Mid-Range,68.16,124.42,0.4522,2021-12-23,Active
101224,NVX-101224,Essential Steel Office Chair,Forma Casa,2101,Decoration,Vase,Entry,53.26,92.58,0.4247,2020-02-19,Active
101225,NVX-101225,Modern Glass Sideboard,Linea Design,2238,Living Room,Sideboard,Mid-Range,988.17,1528.78,0.3536,2025-01-09,Discontinued
101226,NVX-101226,Contemporary Marble Vanity Unit,Linea Design,2019,Storage,Metal Rack,Entry,80.49,148.63,0.4585,2026-06-03,Active
101227,NVX-101227,Comfort Steel Floor Lamp,Forma Casa,2226,Lighting,Floor Lamp,Entry,67.29,145.49,0.5375,2026-12-03,Active
101228,NVX-101228,Comfort Oak Kitchen Island,Novexa Essentials,2298,Garden,Sun Lounger,Mid-Range,43.89,90.94,0.5174,2024-12-04,Active
101229,NVX-101229,Elegant Fabric Desk,UrbanNest,2110,Garden,Outdoor Chair,Entry,94.73,177.46,0.4662,2026-02-27,Active
101230,NVX-101230,Vintage Rattan Kitchen Island,Lumina,2309,Decoration,Mirror,Entry,58.64,107.09,0.4524,2024-01-07,Active
101231,NVX-101231,Smart Marble Floor Lamp,Lumina,2270,Garden,Planter,Premium,56.19,117.52,0.5219,2021-06-22,Active
101232,NVX-101232,Smart Pine Wall Light,Forma Casa,2376,Living Room,Sideboard,Mid-Range,707.23,1068.05,0.3378,2022-07-21,Active
101233,NVX-101233,Nordic Marble Outdoor Table,Novexa Essentials,2139,Bedroom,Dresser,Mid-Range,217.6,394.3,0.4481,2021-12-10,Active
101234,NVX-101234,Contemporary Pine Armchair,Nordic Living,2020,Kitchen,Dining Table,Entry,38.28,80.8,0.5262,2026-07-24,Active
101235,NVX-101235,Urban Bamboo Kitchen Island,Atelier Home,2293,Home Office,Filing Cabinet,Mid-Range,50.99,108.43,0.5297,2024-03-06,Active
101236,NVX-101236,Compact Oak Basket,Novexa Essentials,2126,Bathroom,Mirror,Entry,43.62,85.63,0.4906,2024-11-24,Active
101237,NVX-101237,Elegant Oak Sofa,Oak & Stone,2131,Bathroom,Tall Cabinet,Mid-Range,49.47,102.64,0.518,2024-07-30,Active
101238,NVX-101238,Essential Oak Bookcase,Oak & Stone,2037,Garden,Garden Storage,Entry,56.54,113.53,0.502,2020-05-12,Active
101239,NVX-101239,Premium Rattan Chest of Drawers,Lumina,2370,Bedroom,Chest of Drawers,Entry,352.46,631.53,0.4419,2020-10-24,Active
101240,NVX-101240,Classic Steel Metal Rack,Novexa Essentials,2045,Garden,Outdoor Chair,Premium,37.14,64.52,0.4244,2024-08-21,Active
101241,NVX-101241,Essential Rattan Storage Cabinet,HomeCraft,2209,Lighting,Desk Lamp,Premium,52.21,95.05,0.4507,2025-07-23,Active
101242,NVX-101242,Contemporary Velvet Outdoor Chair,Novexa Essentials,2208,Bathroom,Tall Cabinet,Entry,66.47,119.18,0.4423,2025-03-03,Active
101243,NVX-101243,Smart Velvet Pendant Light,Green Habitat,2179,Lighting,Wall Light,Entry,71.16,129.42,0.4502,2021-04-19,Active
101244,NVX-101244,Comfort Glass Drawer,Forma Casa,2013,Home Office,Office Chair,Mid-Range,72.77,151.44,0.5195,2023-07-28,Active
101245,NVX-101245,Premium Rattan Armchair,HomeCraft,2129,Bathroom,Storage Cabinet,Mid-Range,70.64,148.94,0.5257,2020-03-20,Active
101246,NVX-101246,Compact Glass Basket,Green Habitat,2052,Kitchen,Kitchen Cabinet,Premium,65.01,124.94,0.4797,2023-11-04,Active
101247,NVX-101247,Signature Oak Sideboard,Atelier Home,2143,Decoration,Cushion,Entry,114.44,224.13,0.4894,2021-03-24,Active
101248,NVX-101248,Classic Fabric Bench,Lumina,2117,Bedroom,Wardrobe,Entry,391.57,641.8,0.3899,2026-11-25,Active
101249,NVX-101249,Classic Bamboo BBQ,Lumina,2250,Lighting,Floor Lamp,Mid-Range,104.64,217.32,0.5185,2026-03-22,Active
101250,NVX-101250,Elegant Glass Bed,Forma Casa,2091,Decoration,Mirror,Mid-Range,89.96,180.85,0.5026,2021-03-26,Discontinued
101251,NVX-101251,Signature Ceramic Shelf,HomeCraft,2238,Kitchen,Bar Stool,Entry,55.14,118.19,0.5335,2020-11-15,Active
101252,NVX-101252,Essential Bamboo Armchair,Nordic Living,2080,Living Room,Coffee Table,Entry,681.75,984.34,0.3074,2020-02-16,Active
101253,NVX-101253,Elegant Bamboo Pendant Light,Oak & Stone,2370,Bedroom,Bed,Premium,258.78,460.49,0.438,2023-12-24,Active
101254,NVX-101254,Essential Metal Bar Stool,Linea Design,2393,Storage,Shelf,Premium,116.65,243.21,0.5204,2023-04-11,Active
101255,NVX-101255,Natural Velvet Sideboard,Atelier Home,2383,Home Office,Bookcase,Entry,110.3,185.59,0.4057,2024-12-08,Active
101256,NVX-101256,Premium Pine Table,Oak & Stone,2211,Living Room,Corner Sofa,Entry,469.99,806.6,0.4173,2020-08-25,Discontinued
101257,NVX-101257,Comfort Glass Bench,UrbanNest,2127,Lighting,Wall Light,Mid-Range,52.71,101.85,0.4825,2023-05-14,Active
101258,NVX-101258,Classic Rattan Basket,Linea Design,2140,Lighting,Wall Light,Entry,89.36,162.76,0.451,2020-07-28,Active
101259,NVX-101259,Elegant Steel Drawer,Lumina,2021,Living Room,Rug,Entry,504.55,810.54,0.3775,2021-01-01,Active
101260,NVX-101260,Premium Steel Dining Table,Nordic Living,2232,Storage,Plastic Box,Mid-Range,77.97,165.21,0.5281,2021-08-25,Active
101261,NVX-101261,Nordic Ceramic Shelf,Green Habitat,2255,Garden,Outdoor Chair,Mid-Range,70.72,131.8,0.4634,2025-07-06,Discontinued
101262,NVX-101262,Compact Pine Sideboard,HomeCraft,2121,Garden,Sun Lounger,Entry,64.58,109.72,0.4114,2020-05-03,Active
101263,NVX-101263,Elegant Metal Storage Cabinet,Nordic Living,2269,Kitchen,Kitchen Island,Entry,51.47,91.89,0.4399,2025-04-02,Discontinued
101264,NVX-101264,Nordic Oak Office Chair,Atelier Home,2228,Living Room,TV Unit,Premium,690.14,1108.73,0.3775,2022-12-26,Active
101265,NVX-101265,Nordic Fabric Pendant Light,Atelier Home,2248,Garden,Planter,Entry,67.82,119.29,0.4315,2020-07-31,Active
101266,NVX-101266,Compact Bamboo Cabinet,HomeCraft,2179,Kitchen,Dining Chair,Mid-Range,45.89,90.35,0.4921,2025-10-01,Active
101267,NVX-101267,Comfort Fabric Office Desk,Lumina,2113,Living Room,Corner Sofa,Entry,351.41,504.86,0.3039,2026-02-25,Discontinued
101268,NVX-101268,Elegant Glass Cabinet,Forma Casa,2308,Kitchen,Kitchen Shelf,Entry,41.47,86.42,0.5201,2025-03-14,Active
101269,NVX-101269,Urban Pine Vanity Unit,Forma Casa,2261,Kitchen,Dining Table,Entry,40.95,86.27,0.5253,2025-10-05,Active
101270,NVX-101270,Elegant Bamboo Office Desk,Novexa Essentials,2315,Living Room,TV Unit,Premium,679.67,1229.62,0.4473,2020-02-15,Active
101271,NVX-101271,Smart Rattan TV Unit,Green Habitat,2275,Storage,Plastic Box,Entry,156.09,295.88,0.4725,2026-07-18,Active
101272,NVX-101272,Urban Bamboo TV Unit,Oak & Stone,2300,Lighting,Floor Lamp,Mid-Range,63.34,127.31,0.5025,2021-04-24,Active
101273,NVX-101273,Signature Marble Storage Box,Nordic Living,2344,Living Room,TV Unit,Mid-Range,613.28,1061.03,0.422,2024-03-16,Active
101274,NVX-101274,Compact Rattan Cabinet,Forma Casa,2280,Storage,Shelf,Premium,82.03,150.3,0.4542,2025-03-04,Active
101275,NVX-101275,Compact Bamboo Desk Lamp,Atelier Home,2399,Garden,Outdoor Table,Mid-Range,58.7,112.11,0.4764,2021-09-06,Active
101276,NVX-101276,Minimalist Marble Bed,Oak & Stone,2092,Garden,Outdoor Chair,Mid-Range,44.21,82.63,0.465,2022-01-25,Active
101277,NVX-101277,Natural Glass Wall Light,Atelier Home,2288,Kitchen,Dining Chair,Premium,44.18,77.06,0.4267,2022-10-09,Active
101278,NVX-101278,Compact Pine Sofa,Lumina,2065,Bathroom,Tall Cabinet,Mid-Range,71.85,154.89,0.5361,2026-03-31,Active
101279,NVX-101279,Minimalist Bamboo Office Chair,Linea Design,2091,Living Room,Coffee Table,Mid-Range,723.78,1153.47,0.3725,2026-03-04,Active
101280,NVX-101280,Smart Ceramic Chest of Drawers,Forma Casa,2035,Garden,Planter,Mid-Range,56.3,98.95,0.431,2022-12-06,Active
101281,NVX-101281,Signature Fabric Mirror,Novexa Essentials,2109,Lighting,Pendant Light,Mid-Range,104.73,196.25,0.4663,2023-10-20,Active
101282,NVX-101282,Natural Velvet Wardrobe,Lumina,2335,Lighting,Floor Lamp,Mid-Range,29.9,59.07,0.4938,2022-08-30,Active
101283,NVX-101283,Premium Walnut Sideboard,HomeCraft,2364,Kitchen,Bar Stool,Mid-Range,56.11,121.86,0.5396,2023-11-04,Active
101284,NVX-101284,Elegant Metal Outdoor Table,HomeCraft,2256,Home Office,Desk,Premium,26.03,46.34,0.4383,2024-03-15,Active
101285,NVX-101285,Modern Steel Lamp,Forma Casa,2069,Lighting,Floor Lamp,Mid-Range,69.63,156.27,0.5544,2022-01-28,Active
101286,NVX-101286,Vintage Bamboo Office Chair,Green Habitat,2039,Living Room,Armchair,Entry,551.1,841.19,0.3449,2023-06-14,Active
101287,NVX-101287,Nordic Metal Armchair,Atelier Home,2050,Living Room,Armchair,Entry,842.84,1324.12,0.3635,2025-05-19,Active
101288,NVX-101288,Nordic Marble Table,UrbanNest,2028,Garden,Planter,Mid-Range,84.23,157.02,0.4636,2025-10-24,Active
101289,NVX-101289,Compact Rattan Metal Rack,Lumina,2098,Decoration,Clock,Mid-Range,74.13,139.56,0.4688,2024-11-29,Active
101290,NVX-101290,Essential Marble Office Chair,Novexa Essentials,2234,Home Office,Office Chair,Mid-Range,58.74,130.22,0.5489,2020-12-05,Active
101291,NVX-101291,Essential Pine Pendant Light,HomeCraft,2057,Decoration,Wall Art,Entry,91.12,162.86,0.4405,2021-02-28,Active
101292,NVX-101292,Comfort Bamboo Sofa,Forma Casa,2225,Living Room,Corner Sofa,Mid-Range,736.93,1064.26,0.3076,2020-01-04,Active
101293,NVX-101293,Smart Glass Sofa,HomeCraft,2266,Bathroom,Tall Cabinet,Entry,40.3,74.71,0.4606,2020-01-31,Discontinued
101294,NVX-101294,Elegant Glass Bed,Lumina,2124,Home Office,Desk,Entry,71.97,154.91,0.5354,2022-09-10,Active
101295,NVX-101295,Nordic Glass TV Unit,Green Habitat,2131,Living Room,Rug,Mid-Range,472.06,696.3,0.322,2022-12-18,Active
101296,NVX-101296,Premium Pine Bed,UrbanNest,2176,Storage,Shelf,Premium,157.81,315.8,0.5003,2023-09-14,Active
101297,NVX-101297,Vintage Metal Sideboard,Oak & Stone,2381,Bedroom,Nightstand,Entry,393.38,665.3,0.4087,2020-03-29,Active
101298,NVX-101298,Modern Velvet Planter,Lumina,2276,Decoration,Clock,Mid-Range,138.01,283.6,0.5134,2022-12-05,Active
101299,NVX-101299,Signature Fabric Cabinet,Lumina,2050,Living Room,Armchair,Mid-Range,675.99,1160.89,0.4177,2025-11-04,Active
101300,NVX-101300,Nordic Pine Vanity Unit,Oak & Stone,2335,Living Room,Bookcase,Mid-Range,478.94,686.99,0.3028,2020-01-24,Active
101301,NVX-101301,Contemporary Metal Sideboard,Lumina,2069,Bathroom,Tall Cabinet,Entry,28.92,57.8,0.4997,2022-03-29,Active
101302,NVX-101302,Smart Pine Outdoor Chair,Oak & Stone,2165,Living Room,Bookcase,Premium,677.36,1189.26,0.4304,2022-01-09,Active
101303,NVX-101303,Compact Metal Coffee Table,Oak & Stone,2034,Living Room,Sideboard,Premium,678.12,1186.77,0.4286,2024-07-19,Active
101304,NVX-101304,Elegant Metal Vanity Unit,Oak & Stone,2293,Living Room,Bookcase,Mid-Range,598.89,1052.16,0.4308,2022-11-19,Active
101305,NVX-101305,Nordic Fabric BBQ,Novexa Essentials,2038,Storage,Plastic Box,Premium,109.96,235.77,0.5336,2025-04-23,Active
101306,NVX-101306,Elegant Glass BBQ,Nordic Living,2283,Bathroom,Mirror,Mid-Range,52.69,100.25,0.4744,2021-03-14,Active
101307,NVX-101307,Smart Rattan Outdoor Chair,Linea Design,2145,Living Room,TV Unit,Entry,465.67,793.64,0.4132,2021-11-13,Active
101308,NVX-101308,Classic Marble Storage Cabinet,Linea Design,2257,Home Office,Bookcase,Premium,63.37,121.64,0.479,2022-04-26,Active
101309,NVX-101309,Classic Velvet Storage Box,Novexa Essentials,2232,Lighting,Pendant Light,Entry,75.69,139.46,0.4573,2022-10-30,Active
101310,NVX-101310,Urban Bamboo Office Desk,Novexa Essentials,2067,Kitchen,Kitchen Cabinet,Premium,47.89,80.27,0.4034,2024-04-28,Active
101311,NVX-101311,Urban Bamboo Wall Light,Atelier Home,2305,Storage,Metal Rack,Mid-Range,187.65,358.86,0.4771,2021-06-11,Active
101312,NVX-101312,Signature Pine Sofa,Novexa Essentials,2075,Bathroom,Storage Cabinet,Mid-Range,58.85,104.34,0.436,2021-01-10,Active
101313,NVX-101313,Premium Ceramic Vanity Unit,Nordic Living,2079,Storage,Plastic Box,Mid-Range,76.31,145.46,0.4754,2023-12-17,Active
101314,NVX-101314,Minimalist Velvet Bench,Forma Casa,2358,Living Room,Coffee Table,Mid-Range,367.37,564.23,0.3489,2024-10-08,Active
101315,NVX-101315,Elegant Oak Planter,Green Habitat,2124,Bathroom,Storage Cabinet,Entry,36.44,65.69,0.4453,2025-11-15,Discontinued
101316,NVX-101316,Natural Steel Metal Rack,HomeCraft,2375,Bedroom,Dresser,Entry,275.41,445.52,0.3818,2021-05-01,Active
101317,NVX-101317,Compact Rattan Office Chair,Forma Casa,2139,Bathroom,Storage Cabinet,Entry,39.13,68.52,0.4289,2022-09-18,Active
101318,NVX-101318,Premium Fabric Wardrobe,Oak & Stone,2036,Garden,Planter,Mid-Range,58.47,119.05,0.5089,2026-06-21,Active
101319,NVX-101319,Premium Rattan Cabinet,HomeCraft,2114,Storage,Basket,Premium,166.42,341.41,0.5126,2022-05-02,Active
101320,NVX-101320,Vintage Bamboo BBQ,Oak & Stone,2308,Storage,Cabinet,Premium,141.64,251.95,0.4378,2024-11-18,Active
101321,NVX-101321,Modern Rattan Drawer,UrbanNest,2183,Garden,Outdoor Table,Mid-Range,78.64,168.79,0.5341,2025-06-12,Active
101322,NVX-101322,Elegant Bamboo Kitchen Island,Forma Casa,2350,Garden,Garden Storage,Mid-Range,75.26,136.24,0.4476,2024-05-08,Active
101323,NVX-101323,Compact Pine Sideboard,HomeCraft,2114,Bedroom,Nightstand,Premium,366.73,582.22,0.3701,2023-04-29,Active
101324,NVX-101324,Smart Walnut Dining Table,Nordic Living,2358,Kitchen,Dining Chair,Premium,72.56,154.1,0.5291,2023-07-08,Active
101325,NVX-101325,Vintage Velvet Outdoor Table,HomeCraft,2196,Living Room,Armchair,Entry,310.07,486.3,0.3624,2023-04-25,Active
101326,NVX-101326,Premium Marble Chair,Oak & Stone,2122,Bathroom,Storage Cabinet,Mid-Range,27.75,51.75,0.4638,2023-10-16,Active
101327,NVX-101327,Contemporary Velvet Chair,Lumina,2324,Bathroom,Mirror,Mid-Range,26.88,47.11,0.4294,2023-04-16,Active
101328,NVX-101328,Premium Glass Vanity Unit,Green Habitat,2100,Garden,Outdoor Table,Entry,57.09,102.22,0.4415,2020-09-16,Active
101329,NVX-101329,Smart Fabric Dining Table,Green Habitat,2342,Bedroom,Wardrobe,Entry,135.84,224.0,0.3936,2025-01-27,Active
101330,NVX-101330,Signature Fabric Bar Stool,Forma Casa,2355,Bedroom,Wardrobe,Mid-Range,230.24,416.51,0.4472,2022-04-29,Active
101331,NVX-101331,Essential Steel Table,Lumina,2027,Bathroom,Tall Cabinet,Entry,31.07,61.82,0.4974,2025-06-04,Active
101332,NVX-101332,Essential Steel Bench,HomeCraft,2116,Garden,Planter,Entry,86.83,159.5,0.4556,2022-08-31,Active
101333,NVX-101333,Contemporary Velvet Drawer,Novexa Essentials,2315,Garden,Outdoor Table,Mid-Range,85.7,175.13,0.5106,2024-04-22,Active
101334,NVX-101334,Nordic Fabric Storage Cabinet,Linea Design,2276,Garden,BBQ,Mid-Range,59.13,127.99,0.538,2020-03-15,Active
101335,NVX-101335,Urban Ceramic Desk,Linea Design,2055,Bedroom,Bed,Premium,369.4,660.5,0.4407,2026-02-11,Active
101336,NVX-101336,Modern Walnut Shelf,Green Habitat,2308,Storage,Basket,Mid-Range,103.21,180.26,0.4274,2022-04-26,Active
101337,NVX-101337,Signature Ceramic Outdoor Table,UrbanNest,2004,Lighting,Pendant Light,Premium,52.84,127.99,0.5872,2023-11-23,Active
101338,NVX-101338,Signature Metal Storage Box,HomeCraft,2376,Kitchen,Kitchen Cabinet,Premium,57.65,99.27,0.4193,2024-04-21,Active
101339,NVX-101339,Urban Metal Desk Lamp,Forma Casa,2208,Living Room,Rug,Mid-Range,566.77,816.94,0.3062,2026-10-08,Active
101340,NVX-101340,Minimalist Oak Bookcase,Nordic Living,2191,Kitchen,Kitchen Cabinet,Mid-Range,47.37,105.08,0.5492,2022-10-30,Active
101341,NVX-101341,Vintage Steel Coffee Table,Lumina,2171,Home Office,Desk,Entry,103.48,180.73,0.4274,2020-01-11,Active
101342,NVX-101342,Natural Oak Nightstand,UrbanNest,2150,Bathroom,Storage Cabinet,Entry,62.63,137.88,0.5458,2024-07-03,Active
101343,NVX-101343,Essential Bamboo Outdoor Table,Novexa Essentials,2325,Kitchen,Bar Stool,Premium,29.4,61.84,0.5246,2020-12-10,Active
101344,NVX-101344,Essential Steel Office Chair,HomeCraft,2331,Bedroom,Dresser,Mid-Range,138.3,241.78,0.428,2021-05-29,Active
101345,NVX-101345,Contemporary Oak Armchair,Linea Design,2383,Decoration,Clock,Premium,101.66,169.55,0.4004,2021-12-08,Discontinued
101346,NVX-101346,Natural Fabric Sideboard,HomeCraft,2366,Storage,Cabinet,Entry,72.57,137.01,0.4703,2023-08-23,Active
101347,NVX-101347,Minimalist Marble Storage Cabinet,Green Habitat,2305,Kitchen,Dining Table,Mid-Range,21.28,46.77,0.545,2025-06-04,Active
101348,NVX-101348,Compact Pine Sofa,Atelier Home,2007,Bathroom,Vanity Unit,Premium,32.75,70.64,0.5364,2020-06-04,Active
101349,NVX-101349,Nordic Velvet Desk,Green Habitat,2105,Living Room,Bookcase,Entry,565.53,984.74,0.4257,2026-11-14,Active
101350,NVX-101350,Nordic Velvet Storage Box,Novexa Essentials,2370,Storage,Plastic Box,Mid-Range,156.75,318.33,0.5076,2022-09-29,Active
101351,NVX-101351,Classic Glass TV Unit,UrbanNest,2077,Living Room,Coffee Table,Premium,666.92,1008.94,0.339,2022-06-28,Active
101352,NVX-101352,Minimalist Bamboo BBQ,Nordic Living,2164,Garden,Planter,Premium,114.98,199.69,0.4242,2024-04-15,Discontinued
101353,NVX-101353,Elegant Rattan Desk,Nordic Living,2064,Living Room,Armchair,Entry,446.12,796.92,0.4402,2025-09-14,Active
101354,NVX-101354,Vintage Metal Bench,UrbanNest,2296,Kitchen,Kitchen Island,Entry,43.5,91.14,0.5227,2025-01-23,Active
101355,NVX-101355,Urban Walnut Storage Cabinet,Lumina,2166,Lighting,Wall Light,Premium,49.35,103.13,0.5215,2024-09-02,Active
101356,NVX-101356,Elegant Marble Armchair,UrbanNest,2335,Bedroom,Dresser,Premium,144.71,258.4,0.44,2021-07-12,Active
101357,NVX-101357,Natural Rattan Coffee Table,UrbanNest,2039,Decoration,Cushion,Mid-Range,57.07,98.98,0.4234,2023-05-14,Active
101358,NVX-101358,Urban Bamboo Bookcase,Green Habitat,2075,Living Room,Bookcase,Entry,587.88,910.72,0.3545,2026-05-29,Active
101359,NVX-101359,Modern Fabric Drawer,UrbanNest,2381,Bedroom,Dresser,Entry,258.7,425.16,0.3915,2022-03-15,Discontinued
101360,NVX-101360,Premium Pine Sofa,Forma Casa,2381,Garden,Outdoor Chair,Entry,65.3,131.39,0.503,2023-10-09,Active
101361,NVX-101361,Elegant Metal BBQ,UrbanNest,2057,Lighting,Wall Light,Premium,97.86,237.98,0.5888,2023-07-20,Active
101362,NVX-101362,Elegant Fabric Kitchen Island,Atelier Home,2143,Storage,Cabinet,Premium,78.68,163.88,0.5199,2023-07-13,Active
101363,NVX-101363,Urban Steel Nightstand,Lumina,2168,Decoration,Cushion,Mid-Range,53.82,115.64,0.5346,2023-07-19,Active
101364,NVX-101364,Comfort Bamboo BBQ,Atelier Home,2305,Bathroom,Vanity Unit,Mid-Range,53.24,100.47,0.4701,2021-11-20,Active
101365,NVX-101365,Vintage Bamboo Drawer,UrbanNest,2149,Decoration,Cushion,Mid-Range,81.55,144.84,0.437,2022-11-01,Active
101366,NVX-101366,Nordic Fabric Bed,Novexa Essentials,2157,Kitchen,Dining Chair,Premium,72.28,149.27,0.5158,2025-03-14,Active
101367,NVX-101367,Contemporary Oak Sofa,HomeCraft,2236,Home Office,Bookcase,Premium,50.79,86.88,0.4154,2026-05-01,Active
101368,NVX-101368,Smart Ceramic Bed,HomeCraft,2354,Bathroom,Vanity Unit,Mid-Range,66.52,115.74,0.4253,2023-01-26,Active
101369,NVX-101369,Modern Glass Planter,Linea Design,2235,Home Office,Desk,Premium,47.89,87.04,0.4498,2020-07-28,Active
101370,NVX-101370,Urban Fabric Table,Novexa Essentials,2056,Living Room,Sideboard,Mid-Range,547.34,811.12,0.3252,2020-05-23,Active
101371,NVX-101371,Elegant Walnut Outdoor Chair,Oak & Stone,2202,Bedroom,Wardrobe,Entry,272.01,492.65,0.4479,2026-02-10,Active
101372,NVX-101372,Urban Walnut Chair,Linea Design,2392,Bedroom,Chest of Drawers,Mid-Range,194.29,324.45,0.4012,2021-07-10,Active
101373,NVX-101373,Vintage Glass Floor Lamp,HomeCraft,2146,Bathroom,Vanity Unit,Premium,34.8,71.68,0.5145,2024-12-25,Active
101374,NVX-101374,Compact Bamboo BBQ,Oak & Stone,2122,Home Office,Desk,Entry,89.57,194.4,0.5392,2025-02-26,Active
101375,NVX-101375,Elegant Steel Planter,Nordic Living,2352,Bedroom,Bed,Mid-Range,167.87,283.98,0.4089,2020-03-12,Active
101376,NVX-101376,Essential Fabric Sofa,HomeCraft,2256,Living Room,Corner Sofa,Mid-Range,830.87,1394.98,0.4044,2025-06-02,Active
101377,NVX-101377,Comfort Pine Outdoor Table,Atelier Home,2101,Garden,Garden Storage,Mid-Range,43.52,78.38,0.4448,2022-08-17,Active
101378,NVX-101378,Essential Glass Bed,Lumina,2293,Storage,Basket,Premium,192.3,353.24,0.4556,2020-02-10,Active
101379,NVX-101379,Urban Ceramic Dining Table,UrbanNest,2149,Kitchen,Dining Chair,Mid-Range,49.68,90.85,0.4532,2021-06-21,Active
101380,NVX-101380,Nordic Bamboo Bar Stool,UrbanNest,2193,Lighting,Desk Lamp,Mid-Range,62.35,142.12,0.5613,2023-10-16,Discontinued
101381,NVX-101381,Classic Steel Chest of Drawers,Forma Casa,2156,Storage,Cabinet,Entry,86.53,167.41,0.4831,2024-04-12,Active
101382,NVX-101382,Contemporary Oak Planter,Nordic Living,2095,Home Office,Filing Cabinet,Entry,130.12,219.4,0.4069,2024-04-21,Active
101383,NVX-101383,Smart Metal Office Desk,UrbanNest,2047,Bedroom,Chest of Drawers,Mid-Range,334.04,558.79,0.4022,2026-07-13,Active
101384,NVX-101384,Essential Metal Sideboard,Lumina,2191,Lighting,Table Lamp,Premium,78.49,183.71,0.5728,2026-07-28,Active
101385,NVX-101385,Elegant Marble Nightstand,UrbanNest,2239,Living Room,Coffee Table,Mid-Range,395.01,657.89,0.3996,2026-09-14,Active
101386,NVX-101386,Elegant Marble Kitchen Island,HomeCraft,2004,Garden,Planter,Mid-Range,74.27,155.52,0.5224,2025-08-03,Active
101387,NVX-101387,Contemporary Metal Outdoor Table,Green Habitat,2109,Lighting,Floor Lamp,Mid-Range,36.87,80.98,0.5447,2021-12-18,Active
101388,NVX-101388,Comfort Ceramic Desk,Lumina,2173,Home Office,Office Chair,Mid-Range,113.09,199.2,0.4323,2026-10-22,Active
101389,NVX-101389,Premium Glass Outdoor Chair,Linea Design,2368,Lighting,Wall Light,Premium,62.57,128.03,0.5113,2023-08-27,Active
101390,NVX-101390,Natural Metal Planter,Atelier Home,2263,Home Office,Desk,Mid-Range,94.53,179.6,0.4737,2025-09-09,Active
101391,NVX-101391,Classic Glass Storage Cabinet,UrbanNest,2391,Bedroom,Chest of Drawers,Premium,215.86,373.86,0.4226,2023-03-13,Active
101392,NVX-101392,Nordic Marble Office Desk,HomeCraft,2254,Kitchen,Kitchen Cabinet,Entry,61.25,123.22,0.5029,2023-07-31,Active
101393,NVX-101393,Modern Marble Wall Light,Atelier Home,2056,Kitchen,Dining Table,Mid-Range,30.55,55.57,0.4502,2023-09-17,Active
101394,NVX-101394,Compact Ceramic Dining Table,Forma Casa,2338,Storage,Metal Rack,Mid-Range,71.15,147.62,0.518,2024-12-24,Active
101395,NVX-101395,Natural Pine Shelf,Linea Design,2230,Living Room,Sofa,Entry,1021.15,1772.74,0.424,2022-12-31,Active
101396,NVX-101396,Modern Velvet Desk Lamp,Atelier Home,2074,Storage,Basket,Entry,105.5,184.81,0.4291,2021-11-10,Active
101397,NVX-101397,Minimalist Velvet Bed,UrbanNest,2072,Living Room,TV Unit,Mid-Range,500.13,788.23,0.3655,2023-02-18,Active
101398,NVX-101398,Nordic Marble Planter,Forma Casa,2009,Kitchen,Dining Chair,Mid-Range,38.32,79.91,0.5205,2024-12-12,Active
101399,NVX-101399,Signature Oak Vanity Unit,Atelier Home,2300,Living Room,Coffee Table,Mid-Range,449.76,698.14,0.3558,2021-11-01,Active
101400,NVX-101400,Compact Oak Lamp,Nordic Living,2073,Decoration,Cushion,Entry,48.44,89.22,0.4571,2022-05-30,Active
101401,NVX-101401,Vintage Marble Storage Box,Oak & Stone,2192,Bathroom,Vanity Unit,Mid-Range,49.14,93.56,0.4748,2026-09-27,Active
101402,NVX-101402,Compact Bamboo Mirror,Forma Casa,2092,Kitchen,Kitchen Shelf,Entry,36.66,61.18,0.4008,2022-03-18,Active
101403,NVX-101403,Contemporary Oak Pendant Light,Lumina,2191,Lighting,Floor Lamp,Mid-Range,31.81,59.37,0.4642,2021-03-23,Active
101404,NVX-101404,Comfort Fabric Office Chair,Nordic Living,2110,Lighting,Desk Lamp,Mid-Range,54.61,115.26,0.5262,2020-07-02,Active
101405,NVX-101405,Contemporary Bamboo Bar Stool,Oak & Stone,2024,Decoration,Mirror,Mid-Range,58.6,97.88,0.4013,2020-10-28,Active
101406,NVX-101406,Contemporary Walnut Wall Light,HomeCraft,2047,Storage,Metal Rack,Entry,175.59,363.11,0.5164,2024-07-22,Active
101407,NVX-101407,Essential Fabric Outdoor Chair,UrbanNest,2008,Bathroom,Vanity Unit,Mid-Range,66.42,140.62,0.5277,2025-07-19,Active
101408,NVX-101408,Natural Marble Storage Box,Linea Design,2175,Decoration,Cushion,Entry,92.96,171.94,0.4593,2023-11-27,Active
101409,NVX-101409,Urban Marble Pendant Light,Green Habitat,2087,Bathroom,Tall Cabinet,Premium,46.86,86.38,0.4575,2020-11-27,Active
101410,NVX-101410,Compact Ceramic Wall Light,Atelier Home,2309,Storage,Plastic Box,Premium,126.41,216.58,0.4163,2023-04-14,Active
101411,NVX-101411,Urban Bamboo Armchair,Linea Design,2232,Living Room,Bookcase,Entry,741.71,1289.66,0.4249,2026-05-18,Active
101412,NVX-101412,Urban Walnut Pendant Light,Nordic Living,2219,Lighting,Pendant Light,Premium,39.07,87.57,0.5538,2023-06-06,Active
101413,NVX-101413,Nordic Ceramic Storage Box,Linea Design,2060,Living Room,Sofa,Entry,262.39,385.07,0.3186,2023-04-04,Active
101414,NVX-101414,Contemporary Glass Outdoor Chair,Green Habitat,2286,Living Room,TV Unit,Entry,395.54,697.17,0.4326,2026-08-10,Active
101415,NVX-101415,Compact Velvet Bed,Atelier Home,2088,Garden,Sun Lounger,Mid-Range,122.18,223.29,0.4528,2020-08-10,Active
101416,NVX-101416,Vintage Bamboo Kitchen Island,Forma Casa,2214,Storage,Basket,Premium,191.26,358.68,0.4668,2023-05-26,Active
101417,NVX-101417,Comfort Fabric Coffee Table,HomeCraft,2011,Storage,Shelf,Entry,95.67,188.15,0.4915,2025-09-04,Active
101418,NVX-101418,Essential Oak Vanity Unit,Green Habitat,2325,Home Office,Desk,Mid-Range,85.32,173.11,0.5071,2023-03-15,Discontinued
101419,NVX-101419,Minimalist Walnut Chair,UrbanNest,2301,Lighting,Pendant Light,Mid-Range,76.43,167.56,0.5439,2026-05-01,Active
101420,NVX-101420,Minimalist Ceramic Office Desk,Forma Casa,2315,Lighting,Wall Light,Entry,39.74,85.95,0.5376,2025-05-10,Active
101421,NVX-101421,Elegant Glass Armchair,Nordic Living,2366,Decoration,Mirror,Mid-Range,90.18,169.28,0.4673,2023-12-28,Active
101422,NVX-101422,Urban Fabric Desk,Novexa Essentials,2223,Garden,Garden Storage,Premium,73.39,126.35,0.4192,2022-05-07,Active
101423,NVX-101423,Minimalist Metal Floor Lamp,UrbanNest,2059,Kitchen,Kitchen Island,Mid-Range,34.78,73.63,0.5276,2024-12-10,Active
101424,NVX-101424,Urban Marble Planter,UrbanNest,2068,Kitchen,Kitchen Island,Mid-Range,46.63,80.55,0.4211,2020-10-07,Active
101425,NVX-101425,Classic Walnut Cabinet,Green Habitat,2245,Living Room,Coffee Table,Entry,342.78,541.88,0.3674,2020-07-19,Discontinued
101426,NVX-101426,Nordic Rattan Table,HomeCraft,2121,Storage,Cabinet,Mid-Range,206.2,393.96,0.4766,2025-11-29,Active
101427,NVX-101427,Compact Fabric Wardrobe,Oak & Stone,2305,Lighting,Table Lamp,Entry,59.16,144.1,0.5895,2025-10-05,Active
101428,NVX-101428,Minimalist Oak Mirror,HomeCraft,2155,Living Room,Coffee Table,Entry,663.42,1035.08,0.3591,2023-12-27,Active
101429,NVX-101429,Smart Fabric TV Unit,Novexa Essentials,2356,Living Room,Sideboard,Premium,729.88,1157.99,0.3697,2020-09-21,Active
101430,NVX-101430,Smart Ceramic Desk Lamp,Atelier Home,2382,Living Room,Sofa,Mid-Range,666.46,1053.68,0.3675,2024-04-22,Active
101431,NVX-101431,Premium Pine Sideboard,UrbanNest,2366,Decoration,Clock,Mid-Range,87.94,189.7,0.5364,2022-10-26,Active
101432,NVX-101432,Compact Walnut Nightstand,HomeCraft,2019,Garden,Outdoor Chair,Entry,66.05,134.53,0.509,2021-08-31,Active
101433,NVX-101433,Smart Rattan Table,Forma Casa,2215,Kitchen,Kitchen Island,Premium,41.94,85.16,0.5075,2023-11-12,Active
101434,NVX-101434,Smart Oak Vanity Unit,UrbanNest,2101,Bathroom,Tall Cabinet,Premium,87.58,191.72,0.5432,2022-05-27,Active
101435,NVX-101435,Premium Metal Planter,HomeCraft,2149,Kitchen,Bar Stool,Mid-Range,24.39,46.48,0.4753,2022-12-19,Active
101436,NVX-101436,Nordic Metal Dining Table,Green Habitat,2371,Garden,BBQ,Premium,68.25,135.97,0.4981,2022-07-28,Active
101437,NVX-101437,Signature Steel Outdoor Table,Lumina,2371,Lighting,Table Lamp,Entry,66.04,158.3,0.5828,2020-05-03,Active
101438,NVX-101438,Elegant Fabric Office Chair,Linea Design,2015,Bathroom,Storage Cabinet,Entry,49.52,102.21,0.5155,2021-03-21,Active
101439,NVX-101439,Premium Oak Bed,Linea Design,2065,Kitchen,Dining Table,Premium,31.19,67.0,0.5345,2021-06-06,Active
101440,NVX-101440,Urban Marble Bookcase,UrbanNest,2121,Decoration,Vase,Mid-Range,123.7,273.12,0.5471,2023-10-28,Active
101441,NVX-101441,Modern Glass Lamp,Lumina,2371,Living Room,Corner Sofa,Entry,655.65,1022.76,0.3589,2022-12-11,Active
101442,NVX-101442,Elegant Marble Basket,Lumina,2039,Storage,Shelf,Entry,131.69,236.66,0.4435,2023-04-02,Active
101443,NVX-101443,Vintage Oak Chest of Drawers,Atelier Home,2003,Decoration,Cushion,Mid-Range,94.93,174.66,0.4565,2026-03-04,Active
101444,NVX-101444,Contemporary Velvet Armchair,UrbanNest,2164,Home Office,Desk,Entry,102.34,211.56,0.5163,2023-09-13,Active
101445,NVX-101445,Comfort Glass Wardrobe,Linea Design,2247,Kitchen,Kitchen Cabinet,Entry,64.96,122.34,0.469,2020-07-26,Active
101446,NVX-101446,Essential Fabric Outdoor Chair,UrbanNest,2355,Home Office,Filing Cabinet,Premium,95.5,168.66,0.4338,2024-12-01,Discontinued
101447,NVX-101447,Modern Fabric Pendant Light,Forma Casa,2030,Decoration,Wall Art,Premium,56.65,97.22,0.4173,2025-08-29,Active
101448,NVX-101448,Vintage Steel Bench,HomeCraft,2158,Living Room,Corner Sofa,Mid-Range,326.48,473.5,0.3105,2020-04-26,Active
101449,NVX-101449,Compact Oak Sideboard,Linea Design,2306,Garden,Outdoor Table,Mid-Range,40.0,72.53,0.4485,2025-03-27,Active
101450,NVX-101450,Modern Oak Pendant Light,Forma Casa,2062,Lighting,Table Lamp,Mid-Range,55.04,124.29,0.5572,2021-02-13,Active
101451,NVX-101451,Natural Fabric Desk,Oak & Stone,2252,Lighting,Floor Lamp,Entry,44.61,86.51,0.4843,2020-01-29,Active
101452,NVX-101452,Essential Velvet Mirror,HomeCraft,2368,Bedroom,Nightstand,Mid-Range,193.15,350.91,0.4496,2026-05-12,Active
101453,NVX-101453,Premium Walnut Table,Oak & Stone,2388,Garden,Sun Lounger,Premium,34.23,67.88,0.4957,2022-05-25,Active
101454,NVX-101454,Compact Rattan Nightstand,Nordic Living,2233,Living Room,Corner Sofa,Entry,540.1,932.75,0.421,2020-11-14,Active
101455,NVX-101455,Minimalist Metal Lamp,UrbanNest,2173,Home Office,Desk,Entry,54.95,105.29,0.4781,2020-09-13,Active
101456,NVX-101456,Premium Rattan Bar Stool,Forma Casa,2365,Bedroom,Dresser,Mid-Range,405.38,629.14,0.3557,2026-07-30,Active
101457,NVX-101457,Essential Velvet Dining Table,HomeCraft,2331,Bedroom,Dresser,Entry,475.27,800.91,0.4066,2024-02-03,Active
101458,NVX-101458,Natural Ceramic Office Desk,UrbanNest,2256,Storage,Metal Rack,Entry,102.16,178.61,0.428,2021-11-10,Active
101459,NVX-101459,Nordic Marble Floor Lamp,Linea Design,2394,Lighting,Pendant Light,Entry,57.75,132.66,0.5647,2021-05-15,Discontinued
101460,NVX-101460,Vintage Pine BBQ,Novexa Essentials,2229,Garden,Garden Storage,Premium,66.11,145.02,0.5441,2025-07-06,Active
101461,NVX-101461,Contemporary Bamboo Outdoor Chair,Linea Design,2373,Decoration,Mirror,Mid-Range,53.74,108.84,0.5062,2025-04-19,Active
101462,NVX-101462,Premium Velvet Table,Forma Casa,2397,Storage,Cabinet,Entry,104.81,175.96,0.4044,2020-12-18,Active
101463,NVX-101463,Elegant Glass Cabinet,Linea Design,2058,Kitchen,Kitchen Cabinet,Entry,49.2,87.37,0.4369,2023-11-05,Active
101464,NVX-101464,Minimalist Fabric Cabinet,Novexa Essentials,2018,Kitchen,Kitchen Shelf,Mid-Range,29.96,52.33,0.4275,2023-11-22,Active
101465,NVX-101465,Compact Glass Pendant Light,UrbanNest,2251,Bedroom,Wardrobe,Premium,340.88,575.16,0.4073,2026-06-13,Active
101466,NVX-101466,Elegant Steel Office Desk,UrbanNest,2332,Lighting,Desk Lamp,Mid-Range,49.8,106.12,0.5307,2024-05-17,Active
101467,NVX-101467,Urban Walnut Lamp,Novexa Essentials,2225,Storage,Cabinet,Mid-Range,179.52,307.57,0.4163,2021-02-04,Active
101468,NVX-101468,Comfort Walnut Cabinet,HomeCraft,2060,Garden,Outdoor Chair,Entry,41.08,83.17,0.5061,2023-12-09,Active
101469,NVX-101469,Premium Rattan TV Unit,Oak & Stone,2259,Lighting,Table Lamp,Mid-Range,41.24,84.67,0.5129,2020-05-10,Discontinued
101470,NVX-101470,Signature Oak Storage Box,Lumina,2166,Storage,Shelf,Premium,202.88,389.64,0.4793,2022-06-14,Active
101471,NVX-101471,Minimalist Pine Nightstand,Oak & Stone,2220,Bedroom,Dresser,Entry,352.7,597.34,0.4095,2020-03-04,Active
101472,NVX-101472,Smart Rattan Nightstand,UrbanNest,2371,Living Room,Bookcase,Mid-Range,299.17,465.64,0.3575,2020-05-16,Active
101473,NVX-101473,Elegant Metal Floor Lamp,UrbanNest,2152,Kitchen,Kitchen Shelf,Mid-Range,46.76,90.16,0.4814,2020-08-06,Active
101474,NVX-101474,Modern Ceramic Basket,HomeCraft,2369,Storage,Shelf,Entry,204.07,354.06,0.4236,2026-02-05,Active
101475,NVX-101475,Elegant Fabric Armchair,UrbanNest,2064,Bathroom,Tall Cabinet,Entry,59.62,109.23,0.4542,2022-07-22,Active
101476,NVX-101476,Signature Ceramic Cabinet,Forma Casa,2134,Storage,Basket,Entry,157.59,308.65,0.4894,2021-09-19,Active
101477,NVX-101477,Natural Ceramic Mirror,Novexa Essentials,2296,Garden,Garden Storage,Mid-Range,76.82,163.84,0.5311,2023-02-20,Active
101478,NVX-101478,Premium Fabric Dining Table,Lumina,2070,Living Room,Bookcase,Entry,520.03,762.27,0.3178,2026-03-06,Active
101479,NVX-101479,Signature Pine Office Chair,Nordic Living,2358,Storage,Plastic Box,Entry,70.34,154.73,0.5454,2021-01-30,Active
101480,NVX-101480,Signature Glass Vanity Unit,Linea Design,2278,Decoration,Mirror,Mid-Range,62.21,118.56,0.4753,2026-07-11,Discontinued
101481,NVX-101481,Contemporary Metal Pendant Light,Oak & Stone,2259,Decoration,Wall Art,Mid-Range,54.03,119.52,0.5479,2024-11-03,Active
101482,NVX-101482,Minimalist Glass Table,Forma Casa,2219,Living Room,Coffee Table,Premium,587.48,946.56,0.3794,2022-03-15,Active
101483,NVX-101483,Essential Glass Storage Cabinet,Green Habitat,2262,Garden,Outdoor Table,Premium,34.88,73.71,0.5268,2020-03-06,Active
101484,NVX-101484,Minimalist Walnut Bed,Nordic Living,2059,Home Office,Office Chair,Entry,63.37,106.5,0.405,2024-12-11,Active
101485,NVX-101485,Smart Fabric Chair,Linea Design,2339,Home Office,Office Chair,Entry,48.47,85.3,0.4318,2022-05-05,Active
101486,NVX-101486,Nordic Metal Bar Stool,Novexa Essentials,2378,Kitchen,Kitchen Island,Entry,24.84,45.82,0.4579,2024-11-19,Active
101487,NVX-101487,Signature Steel Cabinet,Novexa Essentials,2109,Garden,Outdoor Table,Premium,83.97,174.16,0.5179,2020-07-17,Active
101488,NVX-101488,Smart Velvet Pendant Light,Nordic Living,2368,Storage,Shelf,Entry,239.51,431.81,0.4453,2020-12-09,Active
101489,NVX-101489,Elegant Walnut Bar Stool,Oak & Stone,2123,Storage,Basket,Entry,123.29,264.32,0.5336,2025-02-12,Active
101490,NVX-101490,Modern Oak Nightstand,Atelier Home,2275,Lighting,Desk Lamp,Premium,51.36,115.63,0.5558,2023-07-19,Active
101491,NVX-101491,Compact Metal Desk Lamp,UrbanNest,2025,Storage,Metal Rack,Mid-Range,108.05,239.69,0.5492,2023-06-24,Active
101492,NVX-101492,Smart Oak Sofa,HomeCraft,2252,Lighting,Wall Light,Entry,60.61,123.32,0.5085,2025-07-28,Active
101493,NVX-101493,Contemporary Steel Bench,Lumina,2197,Bathroom,Vanity Unit,Mid-Range,63.57,125.43,0.4932,2021-07-07,Active
101494,NVX-101494,Elegant Marble Drawer,Oak & Stone,2243,Bedroom,Nightstand,Entry,184.53,334.06,0.4476,2026-02-10,Active
101495,NVX-101495,Nordic Oak Basket,Green Habitat,2269,Storage,Shelf,Premium,116.77,218.42,0.4654,2020-10-15,Active
101496,NVX-101496,Urban Ceramic TV Unit,Forma Casa,2004,Garden,BBQ,Premium,47.01,87.8,0.4646,2023-02-01,Active
101497,NVX-101497,Classic Metal Desk,Forma Casa,2222,Kitchen,Bar Stool,Mid-Range,31.86,67.86,0.5305,2024-03-23,Active
101498,NVX-101498,Premium Marble Basket,Atelier Home,2133,Bathroom,Mirror,Entry,43.45,92.65,0.531,2021-06-24,Active
101499,NVX-101499,Urban Steel Nightstand,HomeCraft,2397,Kitchen,Dining Table,Entry,47.18,88.91,0.4694,2025-01-03,Active
101500,NVX-101500,Urban Rattan Chair,UrbanNest,2055,Kitchen,Kitchen Island,Premium,45.85,77.3,0.4069,2022-05-23,Active
101501,NVX-101501,Compact Ceramic Planter,HomeCraft,2282,Garden,Planter,Premium,128.98,226.51,0.4306,2022-09-24,Active
101502,NVX-101502,Contemporary Bamboo Lamp,Linea Design,2045,Storage,Metal Rack,Mid-Range,141.79,262.86,0.4606,2025-11-09,Active
101503,NVX-101503,Vintage Glass TV Unit,Lumina,2039,Garden,Outdoor Chair,Mid-Range,50.24,92.39,0.4562,2026-08-13,Active
101504,NVX-101504,Contemporary Velvet Cabinet,Nordic Living,2020,Storage,Metal Rack,Mid-Range,142.46,243.22,0.4143,2025-01-03,Discontinued
101505,NVX-101505,Compact Glass Metal Rack,Lumina,2013,Garden,Outdoor Table,Mid-Range,118.07,218.67,0.4601,2023-06-30,Active
101506,NVX-101506,Signature Ceramic Outdoor Table,Atelier Home,2264,Living Room,Armchair,Entry,752.7,1179.02,0.3616,2020-08-02,Active
101507,NVX-101507,Urban Glass Chest of Drawers,Green Habitat,2287,Living Room,Corner Sofa,Mid-Range,190.22,341.12,0.4424,2020-02-25,Active
101508,NVX-101508,Urban Marble Kitchen Island,HomeCraft,2297,Lighting,Desk Lamp,Premium,96.02,198.69,0.5167,2021-07-07,Active
101509,NVX-101509,Nordic Pine Bench,Green Habitat,2283,Bathroom,Tall Cabinet,Entry,45.61,89.57,0.4908,2022-07-04,Active
101510,NVX-101510,Elegant Pine Cabinet,UrbanNest,2195,Home Office,Office Chair,Mid-Range,62.8,113.53,0.4468,2020-09-26,Discontinued
101511,NVX-101511,Comfort Fabric Sofa,Green Habitat,2262,Bathroom,Mirror,Premium,55.12,95.24,0.4213,2026-02-09,Active
101512,NVX-101512,Contemporary Fabric Office Desk,HomeCraft,2043,Decoration,Vase,Premium,53.66,108.52,0.5055,2023-06-26,Active
101513,NVX-101513,Compact Ceramic Sideboard,Green Habitat,2112,Living Room,Corner Sofa,Mid-Range,816.52,1342.93,0.392,2023-05-23,Active
101514,NVX-101514,Compact Metal Bar Stool,Novexa Essentials,2098,Lighting,Wall Light,Mid-Range,85.48,173.12,0.5062,2023-03-28,Active
101515,NVX-101515,Elegant Oak Outdoor Table,Atelier Home,2374,Bedroom,Dresser,Mid-Range,508.08,858.96,0.4085,2024-03-18,Active
101516,NVX-101516,Classic Fabric Vanity Unit,HomeCraft,2104,Kitchen,Dining Chair,Mid-Range,40.39,82.07,0.5079,2023-02-12,Active
101517,NVX-101517,Vintage Pine Desk,Novexa Essentials,2308,Garden,Sun Lounger,Mid-Range,64.23,133.16,0.5176,2022-12-12,Active
101518,NVX-101518,Essential Oak Bench,Linea Design,2296,Lighting,Floor Lamp,Entry,56.37,116.41,0.5158,2026-06-21,Active
101519,NVX-101519,Contemporary Pine Chest of Drawers,UrbanNest,2365,Storage,Shelf,Entry,96.6,174.49,0.4464,2020-03-21,Active
101520,NVX-101520,Compact Fabric Cabinet,Atelier Home,2361,Garden,Outdoor Table,Entry,62.61,134.05,0.5329,2024-11-09,Active
101521,NVX-101521,Contemporary Fabric BBQ,Oak & Stone,2370,Lighting,Pendant Light,Mid-Range,80.25,150.17,0.4656,2020-05-01,Active
101522,NVX-101522,Compact Bamboo BBQ,Linea Design,2005,Lighting,Wall Light,Premium,78.28,153.97,0.4916,2026-12-22,Active
101523,NVX-101523,Minimalist Marble Mirror,UrbanNest,2261,Home Office,Desk,Entry,71.15,144.52,0.5077,2022-07-12,Active
101524,NVX-101524,Signature Marble Nightstand,HomeCraft,2204,Living Room,Coffee Table,Entry,549.06,824.27,0.3339,2023-02-22,Active
101525,NVX-101525,Minimalist Velvet Storage Box,Oak & Stone,2004,Living Room,Sideboard,Mid-Range,918.09,1330.81,0.3101,2022-08-21,Active
101526,NVX-101526,Elegant Oak Vanity Unit,Green Habitat,2266,Storage,Basket,Entry,96.42,187.58,0.486,2021-09-20,Active
101527,NVX-101527,Essential Steel Pendant Light,HomeCraft,2015,Garden,Planter,Entry,81.29,148.81,0.4537,2022-08-26,Active
101528,NVX-101528,Minimalist Marble TV Unit,Atelier Home,2043,Bedroom,Wardrobe,Entry,241.69,390.83,0.3816,2023-04-17,Active
101529,NVX-101529,Signature Velvet Outdoor Chair,Forma Casa,2069,Garden,Sun Lounger,Mid-Range,56.24,107.04,0.4746,2025-07-01,Active
101530,NVX-101530,Contemporary Steel Office Chair,Novexa Essentials,2242,Bathroom,Vanity Unit,Entry,77.51,149.99,0.4832,2022-03-13,Active
101531,NVX-101531,Nordic Ceramic Sofa,Oak & Stone,2283,Garden,Sun Lounger,Mid-Range,69.23,122.0,0.4325,2022-04-03,Active
101532,NVX-101532,Natural Oak Cabinet,UrbanNest,2225,Home Office,Bookcase,Mid-Range,133.01,288.92,0.5396,2020-07-20,Active
101533,NVX-101533,Elegant Rattan Outdoor Table,Atelier Home,2344,Kitchen,Dining Table,Mid-Range,43.08,79.8,0.4602,2021-11-29,Active
101534,NVX-101534,Signature Ceramic Armchair,UrbanNest,2177,Garden,Garden Storage,Mid-Range,50.89,90.23,0.436,2024-08-10,Discontinued
101535,NVX-101535,Classic Walnut Sideboard,Atelier Home,2220,Living Room,Rug,Mid-Range,456.63,790.77,0.4226,2022-04-07,Active
101536,NVX-101536,Contemporary Walnut Office Chair,Atelier Home,2133,Living Room,Bookcase,Mid-Range,489.37,810.1,0.3959,2023-04-17,Active
101537,NVX-101537,Nordic Steel Desk Lamp,Forma Casa,2251,Bathroom,Vanity Unit,Premium,32.48,58.24,0.4423,2026-06-23,Active
101538,NVX-101538,Smart Bamboo Nightstand,HomeCraft,2085,Kitchen,Dining Chair,Premium,31.64,67.8,0.5333,2026-03-21,Active
101539,NVX-101539,Comfort Oak Lamp,Forma Casa,2283,Garden,Outdoor Table,Entry,67.36,134.4,0.4988,2026-04-10,Active
101540,NVX-101540,Premium Oak Nightstand,UrbanNest,2116,Garden,Outdoor Table,Mid-Range,109.55,224.57,0.5122,2024-03-14,Active
101541,NVX-101541,Modern Ceramic Coffee Table,Atelier Home,2156,Garden,Outdoor Table,Premium,66.82,131.39,0.4914,2026-11-28,Active
101542,NVX-101542,Compact Pine Table,HomeCraft,2083,Kitchen,Dining Chair,Entry,33.89,64.97,0.4784,2025-12-21,Active
101543,NVX-101543,Elegant Velvet Sideboard,HomeCraft,2172,Garden,Planter,Mid-Range,132.11,231.13,0.4284,2026-05-24,Active
101544,NVX-101544,Classic Glass Dining Table,Green Habitat,2299,Garden,Outdoor Chair,Mid-Range,64.16,118.63,0.4592,2023-06-26,Active
101545,NVX-101545,Smart Oak Sofa,Forma Casa,2271,Garden,BBQ,Entry,97.48,189.15,0.4846,2024-03-22,Active
101546,NVX-101546,Essential Walnut Pendant Light,HomeCraft,2186,Living Room,TV Unit,Premium,445.37,806.05,0.4475,2023-07-08,Active
101547,NVX-101547,Contemporary Pine Storage Box,Atelier Home,2285,Storage,Metal Rack,Mid-Range,48.66,84.55,0.4245,2020-11-13,Active
101548,NVX-101548,Modern Pine Outdoor Chair,Nordic Living,2084,Storage,Shelf,Mid-Range,88.26,189.42,0.5341,2021-03-21,Active
101549,NVX-101549,Contemporary Oak BBQ,Linea Design,2308,Bedroom,Chest of Drawers,Mid-Range,300.32,522.98,0.4258,2024-02-20,Active
101550,NVX-101550,Compact Oak Sideboard,Nordic Living,2086,Kitchen,Dining Table,Entry,33.15,62.83,0.4724,2023-07-20,Active
101551,NVX-101551,Modern Fabric Armchair,Lumina,2232,Kitchen,Bar Stool,Entry,29.7,62.33,0.5235,2022-07-25,Active
101552,NVX-101552,Modern Walnut Armchair,Novexa Essentials,2250,Storage,Metal Rack,Premium,121.38,255.95,0.5258,2025-05-24,Active
101553,NVX-101553,Smart Fabric Lamp,Novexa Essentials,2024,Garden,Outdoor Table,Entry,82.88,156.34,0.4699,2025-11-21,Active
101554,NVX-101554,Nordic Rattan Sideboard,Lumina,2074,Storage,Shelf,Premium,123.44,210.16,0.4126,2025-11-13,Active
101555,NVX-101555,Modern Pine Vanity Unit,Atelier Home,2213,Kitchen,Dining Table,Mid-Range,22.8,47.63,0.5213,2021-09-20,Active
101556,NVX-101556,Modern Walnut Office Desk,Forma Casa,2040,Living Room,Bookcase,Entry,1012.48,1734.6,0.4163,2022-07-30,Active
101557,NVX-101557,Natural Bamboo Dining Table,Green Habitat,2264,Decoration,Wall Art,Entry,75.3,151.8,0.504,2020-07-07,Active
101558,NVX-101558,Urban Fabric Wall Light,Forma Casa,2129,Living Room,Rug,Premium,349.46,504.48,0.3073,2020-11-07,Active
101559,NVX-101559,Minimalist Oak Office Desk,UrbanNest,2329,Bathroom,Vanity Unit,Mid-Range,74.08,131.99,0.4387,2024-12-23,Active
101560,NVX-101560,Essential Rattan Wardrobe,Forma Casa,2335,Home Office,Office Chair,Entry,92.73,168.66,0.4502,2023-07-27,Discontinued
101561,NVX-101561,Vintage Glass Sofa,Linea Design,2262,Home Office,Bookcase,Entry,98.34,195.28,0.4964,2025-06-24,Active
101562,NVX-101562,Compact Walnut Outdoor Table,Lumina,2307,Kitchen,Dining Chair,Premium,63.71,117.15,0.4562,2022-09-24,Active
101563,NVX-101563,Nordic Pine Armchair,HomeCraft,2240,Home Office,Filing Cabinet,Entry,46.58,94.19,0.5055,2020-08-01,Active
101564,NVX-101564,Minimalist Steel Wall Light,Atelier Home,2329,Living Room,Corner Sofa,Entry,698.63,1110.1,0.3707,2024-02-26,Active
101565,NVX-101565,Natural Oak BBQ,UrbanNest,2222,Kitchen,Dining Chair,Premium,35.57,61.02,0.4171,2021-05-23,Active
101566,NVX-101566,Contemporary Oak Sofa,UrbanNest,2142,Kitchen,Kitchen Island,Mid-Range,36.57,67.36,0.4571,2026-08-29,Active
101567,NVX-101567,Nordic Oak Pendant Light,Lumina,2085,Kitchen,Dining Table,Entry,22.98,39.48,0.4179,2021-11-10,Active
101568,NVX-101568,Premium Rattan Outdoor Table,Oak & Stone,2207,Bedroom,Dresser,Entry,385.91,610.24,0.3676,2021-08-04,Active
101569,NVX-101569,Classic Ceramic Office Chair,Atelier Home,2238,Kitchen,Kitchen Cabinet,Mid-Range,39.75,85.14,0.5331,2022-07-27,Active
101570,NVX-101570,Elegant Oak TV Unit,Novexa Essentials,2160,Decoration,Wall Art,Entry,61.82,136.08,0.5457,2022-11-02,Active
101571,NVX-101571,Essential Steel Nightstand,UrbanNest,2142,Decoration,Cushion,Premium,56.44,120.12,0.5301,2025-10-24,Active
101572,NVX-101572,Signature Velvet Storage Box,Linea Design,2139,Lighting,Wall Light,Entry,86.29,191.91,0.5504,2025-12-17,Active
101573,NVX-101573,Nordic Walnut Bookcase,Lumina,2345,Decoration,Clock,Entry,70.97,137.68,0.4845,2024-02-05,Active
101574,NVX-101574,Natural Bamboo Desk,Linea Design,2237,Living Room,Corner Sofa,Mid-Range,767.07,1267.77,0.3949,2022-10-05,Active
101575,NVX-101575,Minimalist Fabric Pendant Light,HomeCraft,2209,Decoration,Wall Art,Premium,109.54,210.22,0.4789,2025-08-24,Active
101576,NVX-101576,Contemporary Metal Sideboard,Linea Design,2237,Bathroom,Tall Cabinet,Entry,25.7,42.88,0.4007,2020-05-07,Active
101577,NVX-101577,Premium Velvet Nightstand,Green Habitat,2385,Bathroom,Storage Cabinet,Mid-Range,31.12,57.54,0.4592,2022-03-17,Active
101578,NVX-101578,Nordic Steel Mirror,Lumina,2091,Living Room,Sofa,Mid-Range,785.74,1428.29,0.4499,2021-02-20,Active
101579,NVX-101579,Classic Fabric Floor Lamp,Novexa Essentials,2008,Storage,Metal Rack,Premium,64.74,126.83,0.4896,2026-12-15,Active
101580,NVX-101580,Modern Metal Storage Box,Lumina,2119,Kitchen,Kitchen Shelf,Mid-Range,40.27,75.69,0.468,2025-10-09,Active
101581,NVX-101581,Contemporary Fabric Cabinet,Lumina,2098,Garden,Outdoor Table,Mid-Range,80.99,170.56,0.5252,2020-10-26,Discontinued
101582,NVX-101582,Contemporary Fabric Bookcase,Novexa Essentials,2017,Bedroom,Nightstand,Premium,231.69,385.34,0.3987,2020-04-06,Active
101583,NVX-101583,Minimalist Steel Cabinet,Forma Casa,2126,Decoration,Vase,Mid-Range,30.38,60.21,0.4954,2021-08-26,Active
101584,NVX-101584,Compact Steel Chair,Oak & Stone,2369,Lighting,Desk Lamp,Entry,52.75,104.07,0.4931,2021-07-11,Active
101585,NVX-101585,Modern Walnut Dining Table,UrbanNest,2243,Storage,Metal Rack,Mid-Range,104.63,208.95,0.4993,2024-11-11,Discontinued
101586,NVX-101586,Signature Bamboo Planter,Green Habitat,2078,Living Room,TV Unit,Mid-Range,929.73,1344.58,0.3085,2025-04-24,Active
101587,NVX-101587,Modern Ceramic Table,Novexa Essentials,2103,Bedroom,Bed,Mid-Range,425.4,765.7,0.4444,2022-04-20,Active
101588,NVX-101588,Contemporary Bamboo Nightstand,Green Habitat,2097,Living Room,Rug,Mid-Range,347.08,629.03,0.4482,2026-03-15,Active
101589,NVX-101589,Elegant Oak Outdoor Table,Lumina,2080,Home Office,Filing Cabinet,Mid-Range,96.32,160.99,0.4017,2020-11-29,Active
101590,NVX-101590,Compact Ceramic Outdoor Table,Nordic Living,2073,Garden,Planter,Entry,105.34,185.84,0.4332,2024-09-12,Active
101591,NVX-101591,Nordic Bamboo Bed,Nordic Living,2230,Lighting,Pendant Light,Entry,67.16,137.99,0.5133,2026-02-11,Active
101592,NVX-101592,Contemporary Metal Armchair,Atelier Home,2191,Bathroom,Storage Cabinet,Mid-Range,85.33,168.73,0.4943,2024-10-02,Active
101593,NVX-101593,Natural Oak Sofa,Novexa Essentials,2260,Decoration,Wall Art,Premium,52.83,88.09,0.4003,2023-11-06,Active
101594,NVX-101594,Compact Walnut Chair,Novexa Essentials,2159,Bedroom,Nightstand,Entry,363.89,572.33,0.3642,2020-08-11,Discontinued
101595,NVX-101595,Signature Pine Nightstand,Green Habitat,2386,Decoration,Clock,Entry,58.74,111.29,0.4722,2025-08-21,Active
101596,NVX-101596,Minimalist Ceramic Shelf,Atelier Home,2061,Bedroom,Nightstand,Mid-Range,376.17,609.62,0.3829,2022-01-21,Active
101597,NVX-101597,Vintage Glass Coffee Table,Linea Design,2175,Garden,Sun Lounger,Mid-Range,103.22,182.32,0.4339,2023-12-06,Active
101598,NVX-101598,Minimalist Fabric Office Chair,Linea Design,2078,Bedroom,Dresser,Premium,274.05,434.83,0.3698,2026-09-30,Active
101599,NVX-101599,Comfort Ceramic Desk Lamp,Forma Casa,2329,Storage,Basket,Mid-Range,78.95,145.43,0.4571,2024-05-27,Active
101600,NVX-101600,Contemporary Rattan Chest of Drawers,Oak & Stone,2316,Kitchen,Kitchen Cabinet,Mid-Range,44.66,80.63,0.4461,2022-05-23,Active
101601,NVX-101601,Minimalist Marble Sideboard,Lumina,2105,Bathroom,Storage Cabinet,Mid-Range,62.23,122.39,0.4915,2023-12-10,Active
101602,NVX-101602,Urban Steel Office Desk,Oak & Stone,2151,Decoration,Mirror,Mid-Range,100.95,174.83,0.4226,2022-01-19,Active
101603,NVX-101603,Elegant Fabric Basket,Lumina,2101,Bathroom,Mirror,Mid-Range,77.57,133.55,0.4192,2025-03-26,Discontinued
101604,NVX-101604,Urban Bamboo Drawer,Lumina,2329,Storage,Plastic Box,Premium,146.01,301.48,0.5157,2026-05-02,Active
101605,NVX-101605,Urban Rattan Office Desk,Nordic Living,2171,Decoration,Wall Art,Mid-Range,119.28,217.69,0.4521,2020-12-06,Active
101606,NVX-101606,Compact Steel Sofa,Forma Casa,2392,Kitchen,Kitchen Island,Entry,26.51,46.66,0.4318,2026-03-31,Active
101607,NVX-101607,Premium Pine Armchair,Oak & Stone,2194,Garden,BBQ,Premium,105.35,185.33,0.4316,2023-03-05,Active
101608,NVX-101608,Essential Marble Wardrobe,Green Habitat,2026,Garden,Sun Lounger,Mid-Range,70.24,124.64,0.4365,2022-10-28,Active
101609,NVX-101609,Urban Pine Bar Stool,Novexa Essentials,2302,Home Office,Desk,Premium,48.63,84.26,0.4229,2020-12-08,Active
101610,NVX-101610,Elegant Rattan Chair,Forma Casa,2160,Kitchen,Dining Table,Mid-Range,41.36,73.47,0.437,2025-09-13,Active
101611,NVX-101611,Vintage Marble Pendant Light,Forma Casa,2227,Bedroom,Dresser,Premium,272.56,468.61,0.4184,2023-11-25,Active
101612,NVX-101612,Premium Pine Shelf,UrbanNest,2309,Decoration,Vase,Entry,74.41,144.77,0.486,2022-05-20,Active
101613,NVX-101613,Premium Walnut Mirror,Forma Casa,2164,Decoration,Cushion,Entry,35.52,61.06,0.4183,2022-10-06,Active
101614,NVX-101614,Elegant Fabric Table,Oak & Stone,2159,Living Room,Coffee Table,Entry,262.12,374.56,0.3002,2023-03-13,Active
101615,NVX-101615,Elegant Marble Bar Stool,Atelier Home,2099,Bedroom,Wardrobe,Entry,286.55,480.95,0.4042,2021-12-20,Active
101616,NVX-101616,Comfort Pine Wardrobe,HomeCraft,2331,Living Room,Sofa,Mid-Range,451.05,660.8,0.3174,2023-05-25,Active
101617,NVX-101617,Natural Steel Pendant Light,Oak & Stone,2202,Bathroom,Mirror,Entry,62.5,113.83,0.4509,2022-01-14,Active
101618,NVX-101618,Vintage Oak Pendant Light,Green Habitat,2298,Lighting,Desk Lamp,Entry,72.13,157.94,0.5433,2022-04-22,Active
101619,NVX-101619,Smart Ceramic Sideboard,Lumina,2299,Lighting,Wall Light,Entry,35.72,78.26,0.5436,2024-11-28,Active
101620,NVX-101620,Compact Marble Cabinet,Green Habitat,2217,Kitchen,Kitchen Shelf,Premium,40.51,67.86,0.403,2025-05-04,Active
101621,NVX-101621,Signature Rattan Table,Forma Casa,2269,Living Room,Coffee Table,Entry,277.3,462.79,0.4008,2024-04-16,Active
101622,NVX-101622,Contemporary Steel Basket,Lumina,2228,Living Room,Corner Sofa,Mid-Range,566.29,864.24,0.3448,2021-08-27,Active
101623,NVX-101623,Classic Glass TV Unit,Lumina,2297,Kitchen,Dining Table,Mid-Range,38.02,79.47,0.5216,2026-07-24,Active
101624,NVX-101624,Elegant Metal Office Desk,UrbanNest,2334,Lighting,Wall Light,Mid-Range,73.98,166.55,0.5558,2026-09-06,Active
101625,NVX-101625,Contemporary Bamboo Metal Rack,UrbanNest,2051,Living Room,Coffee Table,Mid-Range,450.2,704.62,0.3611,2025-08-31,Active
101626,NVX-101626,Essential Walnut Coffee Table,Lumina,2215,Bathroom,Mirror,Entry,74.62,143.44,0.4798,2026-04-26,Active
101627,NVX-101627,Signature Bamboo Bed,Linea Design,2318,Living Room,Rug,Entry,693.3,1135.11,0.3892,2022-11-22,Active
101628,NVX-101628,Essential Ceramic Bookcase,UrbanNest,2065,Lighting,Pendant Light,Mid-Range,60.37,111.83,0.4602,2026-11-18,Active
101629,NVX-101629,Essential Oak Desk,UrbanNest,2375,Bathroom,Vanity Unit,Entry,54.49,115.52,0.5283,2024-12-17,Active
101630,NVX-101630,Minimalist Steel Bookcase,Nordic Living,2043,Lighting,Wall Light,Premium,80.84,193.42,0.582,2021-01-01,Active
101631,NVX-101631,Vintage Pine Outdoor Table,HomeCraft,2109,Decoration,Wall Art,Entry,53.26,118.23,0.5495,2025-04-08,Active
101632,NVX-101632,Nordic Fabric Lamp,Lumina,2281,Garden,Sun Lounger,Mid-Range,104.07,211.83,0.5087,2025-05-02,Active
101633,NVX-101633,Natural Fabric Shelf,Linea Design,2264,Lighting,Floor Lamp,Entry,69.67,148.42,0.5306,2022-06-22,Active
101634,NVX-101634,Elegant Pine Vanity Unit,Green Habitat,2062,Lighting,Table Lamp,Mid-Range,57.25,104.18,0.4505,2026-03-10,Active
101635,NVX-101635,Urban Fabric BBQ,UrbanNest,2215,Living Room,Sideboard,Premium,185.86,300.26,0.381,2026-09-13,Active
101636,NVX-101636,Natural Glass Cabinet,Atelier Home,2304,Lighting,Wall Light,Entry,103.54,202.27,0.4881,2021-04-27,Active
101637,NVX-101637,Compact Glass Sideboard,UrbanNest,2192,Kitchen,Kitchen Island,Entry,30.49,52.74,0.4219,2021-04-30,Active
101638,NVX-101638,Nordic Velvet Drawer,Green Habitat,2176,Lighting,Desk Lamp,Mid-Range,77.57,184.91,0.5805,2023-06-24,Active
101639,NVX-101639,Compact Steel Bench,Oak & Stone,2013,Living Room,Armchair,Premium,402.67,598.83,0.3276,2024-09-22,Active
101640,NVX-101640,Natural Walnut Lamp,Lumina,2006,Home Office,Filing Cabinet,Premium,55.09,92.69,0.4057,2023-05-18,Active
101641,NVX-101641,Essential Pine Outdoor Chair,Novexa Essentials,2002,Home Office,Desk,Premium,72.75,154.24,0.5283,2024-10-09,Active
101642,NVX-101642,Nordic Ceramic Desk,Lumina,2277,Lighting,Desk Lamp,Mid-Range,43.16,79.11,0.4544,2023-12-29,Active
101643,NVX-101643,Essential Oak Storage Cabinet,HomeCraft,2179,Kitchen,Bar Stool,Premium,35.12,76.65,0.5418,2026-02-13,Active
101644,NVX-101644,Signature Pine Chair,Atelier Home,2395,Home Office,Office Chair,Mid-Range,94.0,167.27,0.438,2025-12-22,Active
101645,NVX-101645,Smart Velvet Office Chair,Novexa Essentials,2014,Kitchen,Dining Table,Mid-Range,35.47,61.71,0.4252,2021-05-15,Active
101646,NVX-101646,Essential Metal Mirror,Lumina,2082,Bedroom,Bed,Mid-Range,245.46,386.45,0.3648,2020-10-31,Discontinued
101647,NVX-101647,Smart Fabric Wardrobe,Atelier Home,2312,Storage,Plastic Box,Mid-Range,88.69,158.54,0.4406,2023-12-24,Active
101648,NVX-101648,Smart Steel Cabinet,Novexa Essentials,2350,Bedroom,Nightstand,Mid-Range,385.81,616.68,0.3744,2022-12-28,Active
101649,NVX-101649,Comfort Fabric Lamp,Novexa Essentials,2087,Living Room,Sofa,Mid-Range,406.21,629.08,0.3543,2026-07-08,Active
101650,NVX-101650,Premium Steel Bed,Atelier Home,2160,Kitchen,Bar Stool,Premium,35.35,64.74,0.454,2026-02-06,Active
101651,NVX-101651,Premium Walnut Vanity Unit,HomeCraft,2363,Lighting,Pendant Light,Entry,92.87,201.5,0.5391,2022-11-04,Active
101652,NVX-101652,Essential Bamboo TV Unit,Novexa Essentials,2234,Living Room,Rug,Entry,499.11,734.96,0.3209,2021-05-12,Discontinued
101653,NVX-101653,Vintage Glass Wardrobe,UrbanNest,2395,Bedroom,Chest of Drawers,Entry,333.27,557.87,0.4026,2021-08-25,Active
101654,NVX-101654,Nordic Metal Sideboard,Nordic Living,2029,Living Room,Corner Sofa,Mid-Range,704.97,1119.79,0.3704,2025-11-18,Active
101655,NVX-101655,Contemporary Rattan Nightstand,Green Habitat,2186,Living Room,Rug,Entry,827.5,1383.16,0.4017,2022-02-23,Active
101656,NVX-101656,Smart Metal Vanity Unit,Linea Design,2238,Lighting,Table Lamp,Entry,76.97,182.59,0.5785,2022-06-19,Active
101657,NVX-101657,Urban Velvet Bookcase,HomeCraft,2393,Lighting,Wall Light,Mid-Range,54.09,114.03,0.5257,2025-04-11,Active
101658,NVX-101658,Elegant Walnut Storage Cabinet,Atelier Home,2368,Home Office,Office Chair,Entry,100.2,178.29,0.438,2025-08-15,Active
101659,NVX-101659,Signature Bamboo Wall Light,Novexa Essentials,2148,Kitchen,Bar Stool,Entry,35.84,75.35,0.5244,2026-06-13,Active
101660,NVX-101660,Minimalist Walnut BBQ,Forma Casa,2090,Living Room,Coffee Table,Entry,224.27,366.79,0.3886,2020-04-20,Active
101661,NVX-101661,Comfort Pine Bookcase,Novexa Essentials,2095,Kitchen,Dining Table,Premium,58.06,126.26,0.5402,2022-08-31,Active
101662,NVX-101662,Compact Fabric Sofa,Atelier Home,2397,Garden,Planter,Entry,46.44,90.42,0.4864,2020-10-17,Active
101663,NVX-101663,Smart Bamboo Mirror,UrbanNest,2360,Living Room,TV Unit,Entry,282.68,440.17,0.3578,2021-08-18,Active
101664,NVX-101664,Comfort Oak Basket,UrbanNest,2255,Living Room,Bookcase,Entry,426.34,613.05,0.3046,2026-05-18,Active
101665,NVX-101665,Essential Ceramic Lamp,UrbanNest,2109,Bathroom,Mirror,Entry,78.46,131.0,0.4011,2020-06-04,Discontinued
101666,NVX-101666,Essential Fabric Wardrobe,Nordic Living,2328,Home Office,Office Chair,Mid-Range,49.97,94.47,0.471,2024-04-20,Active
101667,NVX-101667,Natural Steel Bookcase,HomeCraft,2298,Bedroom,Chest of Drawers,Mid-Range,96.19,174.34,0.4483,2026-05-08,Active
101668,NVX-101668,Contemporary Bamboo Chest of Drawers,Novexa Essentials,2284,Bedroom,Nightstand,Entry,285.54,439.64,0.3505,2020-10-21,Active
101669,NVX-101669,Minimalist Rattan Shelf,Lumina,2118,Bedroom,Chest of Drawers,Entry,296.0,510.09,0.4197,2026-04-07,Active
101670,NVX-101670,Smart Metal TV Unit,Lumina,2256,Decoration,Mirror,Mid-Range,130.19,262.71,0.5044,2023-10-22,Active
101671,NVX-101671,Elegant Fabric Nightstand,Linea Design,2365,Kitchen,Dining Table,Mid-Range,41.1,82.64,0.5027,2020-11-13,Active
101672,NVX-101672,Signature Fabric Dining Table,HomeCraft,2176,Garden,Sun Lounger,Mid-Range,73.3,150.33,0.5124,2022-09-03,Active
101673,NVX-101673,Contemporary Ceramic Bed,Lumina,2160,Kitchen,Kitchen Cabinet,Entry,28.0,60.28,0.5355,2021-02-17,Active
101674,NVX-101674,Signature Oak Sideboard,Atelier Home,2319,Kitchen,Kitchen Cabinet,Mid-Range,38.85,66.13,0.4125,2024-07-15,Discontinued
101675,NVX-101675,Contemporary Glass Chair,Atelier Home,2042,Kitchen,Bar Stool,Mid-Range,40.1,76.61,0.4766,2026-04-21,Active
101676,NVX-101676,Minimalist Bamboo Armchair,Linea Design,2062,Decoration,Vase,Entry,59.84,108.3,0.4475,2020-09-10,Active
101677,NVX-101677,Elegant Bamboo BBQ,HomeCraft,2089,Kitchen,Kitchen Cabinet,Mid-Range,48.98,82.11,0.4035,2023-06-30,Active
101678,NVX-101678,Urban Marble Armchair,Novexa Essentials,2142,Storage,Cabinet,Premium,203.09,384.6,0.4719,2022-04-28,Active
101679,NVX-101679,Nordic Walnut Dining Table,Forma Casa,2069,Bedroom,Bed,Entry,378.17,670.28,0.4358,2021-05-02,Active
101680,NVX-101680,Natural Fabric Coffee Table,UrbanNest,2243,Bedroom,Dresser,Entry,303.07,520.17,0.4174,2026-03-05,Active
101681,NVX-101681,Natural Pine Outdoor Chair,UrbanNest,2096,Bathroom,Mirror,Entry,47.22,102.97,0.5414,2021-01-08,Active
101682,NVX-101682,Modern Glass Pendant Light,Nordic Living,2146,Garden,BBQ,Mid-Range,49.46,96.73,0.4887,2023-09-13,Active
101683,NVX-101683,Classic Metal Desk,Atelier Home,2267,Decoration,Cushion,Mid-Range,95.04,196.58,0.5165,2025-05-11,Active
101684,NVX-101684,Urban Marble Office Desk,Linea Design,2100,Living Room,Corner Sofa,Premium,465.2,737.85,0.3695,2020-02-01,Active
101685,NVX-101685,Compact Walnut Table,Green Habitat,2332,Garden,Garden Storage,Entry,83.76,145.68,0.425,2020-02-20,Active
101686,NVX-101686,Comfort Ceramic Armchair,HomeCraft,2039,Home Office,Desk,Premium,83.42,158.66,0.4742,2025-05-06,Active
101687,NVX-101687,Smart Fabric Chest of Drawers,Oak & Stone,2316,Kitchen,Dining Chair,Premium,57.11,110.73,0.4842,2023-12-24,Active
101688,NVX-101688,Urban Pine Pendant Light,Green Habitat,2088,Home Office,Office Chair,Entry,94.52,159.86,0.4087,2024-06-27,Active
101689,NVX-101689,Minimalist Walnut Desk Lamp,Novexa Essentials,2095,Lighting,Desk Lamp,Mid-Range,103.4,219.74,0.5294,2022-07-14,Active
101690,NVX-101690,Contemporary Fabric Chest of Drawers,HomeCraft,2282,Decoration,Mirror,Premium,82.44,180.32,0.5428,2024-11-21,Discontinued
101691,NVX-101691,Elegant Glass Armchair,Novexa Essentials,2334,Kitchen,Kitchen Cabinet,Mid-Range,55.83,112.64,0.5044,2026-01-25,Active
101692,NVX-101692,Elegant Bamboo Wall Light,Green Habitat,2227,Storage,Plastic Box,Mid-Range,181.21,315.4,0.4255,2022-12-29,Active
101693,NVX-101693,Contemporary Oak Bar Stool,Oak & Stone,2096,Home Office,Office Chair,Entry,123.07,271.17,0.5462,2024-08-24,Active
101694,NVX-101694,Urban Steel Chair,Novexa Essentials,2151,Kitchen,Kitchen Shelf,Mid-Range,28.11,49.7,0.4344,2026-10-11,Active
101695,NVX-101695,Smart Glass Office Chair,Atelier Home,2276,Living Room,Sideboard,Mid-Range,681.78,1190.75,0.4274,2022-08-06,Active
101696,NVX-101696,Urban Fabric TV Unit,Oak & Stone,2280,Living Room,Bookcase,Entry,332.0,516.77,0.3575,2025-09-10,Active
101697,NVX-101697,Compact Pine Storage Cabinet,Linea Design,2022,Bedroom,Nightstand,Premium,236.6,387.97,0.3902,2025-02-09,Active
101698,NVX-101698,Premium Glass Outdoor Chair,Nordic Living,2012,Bathroom,Mirror,Entry,55.58,122.33,0.5457,2022-06-03,Active
101699,NVX-101699,Minimalist Metal Bed,Oak & Stone,2185,Decoration,Cushion,Premium,101.08,216.91,0.534,2023-09-09,Active
101700,NVX-101700,Elegant Velvet Outdoor Chair,Nordic Living,2293,Garden,BBQ,Mid-Range,72.29,159.44,0.5466,2022-04-15,Active
101701,NVX-101701,Natural Glass Basket,Lumina,2283,Storage,Cabinet,Premium,83.09,156.02,0.4674,2021-06-14,Active
101702,NVX-101702,Comfort Ceramic Desk Lamp,HomeCraft,2276,Decoration,Wall Art,Mid-Range,85.79,151.61,0.4341,2021-09-04,Active
101703,NVX-101703,Nordic Metal Shelf,UrbanNest,2341,Bedroom,Wardrobe,Premium,193.21,329.62,0.4138,2025-12-19,Discontinued
101704,NVX-101704,Vintage Bamboo Bed,HomeCraft,2026,Bathroom,Vanity Unit,Premium,41.47,69.39,0.4024,2025-05-23,Active
101705,NVX-101705,Premium Fabric Pendant Light,Oak & Stone,2095,Home Office,Desk,Premium,85.08,146.92,0.4209,2022-07-02,Active
101706,NVX-101706,Minimalist Fabric Sofa,Green Habitat,2134,Living Room,Corner Sofa,Mid-Range,498.79,724.43,0.3115,2026-04-18,Active
101707,NVX-101707,Natural Fabric Sideboard,Nordic Living,2389,Kitchen,Dining Table,Mid-Range,59.84,101.55,0.4107,2022-04-28,Active
101708,NVX-101708,Modern Walnut Kitchen Island,Oak & Stone,2257,Living Room,Rug,Mid-Range,418.92,629.52,0.3345,2026-09-04,Active
101709,NVX-101709,Urban Rattan Coffee Table,Forma Casa,2276,Home Office,Desk,Entry,49.3,91.63,0.462,2021-05-15,Active
101710,NVX-101710,Vintage Steel Table,Atelier Home,2085,Home Office,Bookcase,Mid-Range,79.77,139.93,0.4299,2022-08-18,Active
101711,NVX-101711,Nordic Marble Wall Light,Green Habitat,2355,Bathroom,Storage Cabinet,Mid-Range,45.3,96.0,0.5281,2026-01-10,Active
101712,NVX-101712,Elegant Marble Drawer,UrbanNest,2100,Home Office,Desk,Mid-Range,73.12,132.12,0.4466,2024-11-13,Active
101713,NVX-101713,Compact Ceramic Storage Cabinet,Nordic Living,2260,Home Office,Filing Cabinet,Mid-Range,78.11,173.42,0.5496,2020-07-17,Active
101714,NVX-101714,Natural Pine Kitchen Island,Linea Design,2114,Bathroom,Mirror,Mid-Range,45.49,95.44,0.5234,2023-05-24,Active
101715,NVX-101715,Classic Oak Mirror,HomeCraft,2273,Living Room,Armchair,Entry,675.33,1020.94,0.3385,2021-07-04,Active
101716,NVX-101716,Modern Ceramic BBQ,Forma Casa,2205,Home Office,Office Chair,Mid-Range,93.23,164.01,0.4316,2025-08-21,Active
101717,NVX-101717,Vintage Glass Bar Stool,Linea Design,2362,Kitchen,Kitchen Cabinet,Premium,37.34,62.85,0.4059,2025-10-01,Active
101718,NVX-101718,Elegant Steel Sideboard,UrbanNest,2031,Living Room,Bookcase,Entry,931.28,1355.62,0.313,2023-08-12,Active
101719,NVX-101719,Comfort Bamboo Desk Lamp,Forma Casa,2047,Home Office,Office Chair,Mid-Range,114.61,225.77,0.4924,2021-08-26,Active
101720,NVX-101720,Minimalist Ceramic Desk,Nordic Living,2192,Storage,Plastic Box,Entry,81.18,139.98,0.4201,2023-07-07,Active
101721,NVX-101721,Signature Walnut Sideboard,HomeCraft,2341,Kitchen,Dining Table,Mid-Range,39.28,79.5,0.5059,2021-05-18,Active
101722,NVX-101722,Comfort Bamboo Table,Green Habitat,2105,Bathroom,Vanity Unit,Mid-Range,28.87,63.96,0.5486,2026-01-25,Active
101723,NVX-101723,Essential Fabric Sideboard,Atelier Home,2385,Bathroom,Tall Cabinet,Premium,64.67,119.34,0.4581,2024-01-19,Active
101724,NVX-101724,Elegant Bamboo Chair,Lumina,2062,Home Office,Office Chair,Mid-Range,66.28,136.97,0.5161,2024-03-20,Active
101725,NVX-101725,Signature Marble Lamp,Oak & Stone,2378,Kitchen,Bar Stool,Entry,33.59,64.94,0.4828,2025-11-07,Active
101726,NVX-101726,Comfort Velvet Armchair,Lumina,2232,Bedroom,Dresser,Mid-Range,537.08,901.98,0.4046,2024-07-05,Active
101727,NVX-101727,Compact Fabric Office Chair,Nordic Living,2018,Bathroom,Tall Cabinet,Mid-Range,53.38,101.06,0.4718,2022-04-18,Active
101728,NVX-101728,Modern Glass Floor Lamp,Atelier Home,2226,Living Room,Sofa,Entry,570.05,932.88,0.3889,2023-01-02,Active
101729,NVX-101729,Smart Walnut Lamp,Oak & Stone,2356,Living Room,Coffee Table,Entry,496.66,839.85,0.4086,2026-11-15,Active
101730,NVX-101730,Classic Bamboo Bar Stool,Oak & Stone,2172,Garden,BBQ,Mid-Range,113.85,191.67,0.406,2023-11-10,Active
101731,NVX-101731,Smart Velvet Sideboard,HomeCraft,2002,Living Room,Rug,Mid-Range,513.05,872.96,0.4123,2020-06-13,Active
101732,NVX-101732,Signature Bamboo Desk Lamp,Green Habitat,2201,Bedroom,Chest of Drawers,Entry,501.71,900.18,0.4427,2022-08-23,Active
101733,NVX-101733,Vintage Metal Wall Light,Atelier Home,2385,Bedroom,Dresser,Mid-Range,488.44,789.37,0.3812,2021-06-26,Active
101734,NVX-101734,Comfort Velvet Armchair,Forma Casa,2237,Kitchen,Kitchen Cabinet,Mid-Range,51.16,108.78,0.5297,2021-07-20,Active
101735,NVX-101735,Classic Steel Coffee Table,UrbanNest,2389,Living Room,Bookcase,Entry,396.44,580.2,0.3167,2024-05-16,Active
101736,NVX-101736,Classic Bamboo Nightstand,Novexa Essentials,2007,Home Office,Office Chair,Premium,94.95,184.8,0.4862,2024-07-18,Active
101737,NVX-101737,Elegant Ceramic Desk,Green Habitat,2057,Living Room,Rug,Premium,612.72,897.38,0.3172,2026-08-14,Active
101738,NVX-101738,Smart Ceramic Mirror,Lumina,2366,Bathroom,Storage Cabinet,Mid-Range,54.05,104.25,0.4815,2024-04-23,Active
101739,NVX-101739,Minimalist Walnut Office Chair,Nordic Living,2181,Living Room,Armchair,Entry,588.28,882.51,0.3334,2025-09-05,Active
101740,NVX-101740,Essential Rattan Outdoor Chair,Forma Casa,2058,Living Room,Sofa,Mid-Range,427.9,742.82,0.424,2021-11-18,Active
101741,NVX-101741,Minimalist Steel Kitchen Island,UrbanNest,2352,Bedroom,Nightstand,Mid-Range,469.35,810.96,0.4212,2022-08-27,Active
101742,NVX-101742,Elegant Velvet Metal Rack,Nordic Living,2003,Living Room,Armchair,Premium,554.22,847.32,0.3459,2020-07-21,Active
101743,NVX-101743,Classic Walnut Table,Forma Casa,2239,Kitchen,Bar Stool,Mid-Range,41.87,76.08,0.4497,2021-04-04,Active
101744,NVX-101744,Elegant Bamboo Storage Box,Green Habitat,2216,Decoration,Mirror,Premium,52.67,97.37,0.4591,2026-02-11,Active
101745,NVX-101745,Comfort Oak Coffee Table,HomeCraft,2014,Decoration,Vase,Entry,85.22,143.61,0.4066,2026-10-20,Active
101746,NVX-101746,Signature Ceramic Drawer,UrbanNest,2171,Bedroom,Wardrobe,Entry,156.27,247.17,0.3678,2026-04-15,Active
101747,NVX-101747,Comfort Fabric BBQ,HomeCraft,2130,Lighting,Wall Light,Premium,50.31,100.85,0.5011,2024-03-31,Active
101748,NVX-101748,Urban Pine BBQ,Green Habitat,2370,Bedroom,Dresser,Entry,363.3,568.47,0.3609,2020-03-31,Active
101749,NVX-101749,Nordic Fabric Mirror,Linea Design,2373,Garden,Outdoor Chair,Mid-Range,81.6,147.19,0.4456,2021-09-08,Active
101750,NVX-101750,Essential Bamboo Drawer,HomeCraft,2001,Living Room,TV Unit,Premium,401.16,620.9,0.3539,2024-11-29,Active
101751,NVX-101751,Compact Pine Shelf,Nordic Living,2296,Home Office,Desk,Mid-Range,57.31,125.4,0.543,2023-06-12,Active
101752,NVX-101752,Essential Glass Coffee Table,Lumina,2003,Bedroom,Bed,Mid-Range,254.65,406.79,0.374,2025-01-25,Active
101753,NVX-101753,Contemporary Steel Drawer,HomeCraft,2040,Kitchen,Kitchen Cabinet,Entry,41.66,90.35,0.5389,2020-09-10,Active
101754,NVX-101754,Minimalist Pine Bed,Linea Design,2141,Lighting,Floor Lamp,Entry,58.58,114.08,0.4865,2021-08-21,Active
101755,NVX-101755,Minimalist Walnut Bookcase,Green Habitat,2317,Decoration,Vase,Entry,105.94,188.8,0.4389,2024-10-21,Active
101756,NVX-101756,Smart Ceramic Mirror,Atelier Home,2169,Living Room,Coffee Table,Premium,531.8,899.18,0.4086,2025-02-11,Active
101757,NVX-101757,Essential Walnut Coffee Table,Novexa Essentials,2192,Lighting,Floor Lamp,Mid-Range,67.67,133.62,0.4936,2021-12-24,Active
101758,NVX-101758,Compact Marble Sofa,Lumina,2167,Home Office,Desk,Entry,52.8,104.91,0.4967,2023-11-21,Active
101759,NVX-101759,Urban Walnut Basket,HomeCraft,2032,Garden,BBQ,Entry,124.51,257.16,0.5158,2022-05-06,Active
101760,NVX-101760,Vintage Walnut Bench,Atelier Home,2285,Home Office,Filing Cabinet,Entry,71.34,137.83,0.4824,2026-08-14,Active
101761,NVX-101761,Natural Oak Floor Lamp,Linea Design,2183,Garden,Outdoor Chair,Entry,72.32,146.99,0.508,2024-04-07,Active
101762,NVX-101762,Nordic Pine Table,Atelier Home,2189,Decoration,Clock,Entry,35.68,72.42,0.5073,2023-06-12,Active
101763,NVX-101763,Elegant Walnut Table,Forma Casa,2142,Kitchen,Kitchen Shelf,Mid-Range,55.51,122.49,0.5468,2022-11-21,Active
101764,NVX-101764,Classic Bamboo Pendant Light,Oak & Stone,2200,Kitchen,Dining Chair,Entry,36.33,71.2,0.4897,2024-12-31,Active
101765,NVX-101765,Elegant Fabric Floor Lamp,Forma Casa,2016,Garden,Outdoor Table,Premium,48.32,88.53,0.4542,2026-03-03,Active
101766,NVX-101766,Essential Bamboo Kitchen Island,HomeCraft,2356,Lighting,Desk Lamp,Entry,56.1,106.41,0.4728,2023-06-04,Active
101767,NVX-101767,Urban Steel Cabinet,Lumina,2126,Bedroom,Dresser,Entry,384.74,602.36,0.3613,2023-04-24,Active
101768,NVX-101768,Elegant Ceramic Metal Rack,Lumina,2356,Kitchen,Dining Chair,Mid-Range,29.68,60.51,0.5095,2025-11-15,Active
101769,NVX-101769,Elegant Bamboo Chest of Drawers,Nordic Living,2005,Kitchen,Kitchen Cabinet,Mid-Range,54.31,102.52,0.4702,2020-06-07,Discontinued
101770,NVX-101770,Comfort Oak Desk,UrbanNest,2021,Kitchen,Dining Table,Mid-Range,32.09,58.64,0.4528,2025-07-06,Active
101771,NVX-101771,Minimalist Velvet Dining Table,Oak & Stone,2167,Bedroom,Wardrobe,Mid-Range,197.36,336.69,0.4138,2020-12-19,Active
101772,NVX-101772,Essential Velvet Table,UrbanNest,2076,Bedroom,Bed,Mid-Range,395.19,615.1,0.3575,2024-12-14,Active
101773,NVX-101773,Urban Walnut Shelf,Forma Casa,2162,Bathroom,Mirror,Mid-Range,85.87,171.2,0.4984,2021-05-03,Active
101774,NVX-101774,Contemporary Velvet Pendant Light,HomeCraft,2151,Lighting,Wall Light,Entry,53.45,112.42,0.5246,2023-09-17,Active
101775,NVX-101775,Compact Ceramic Outdoor Chair,UrbanNest,2239,Bathroom,Vanity Unit,Entry,51.31,113.12,0.5464,2021-06-05,Discontinued
101776,NVX-101776,Essential Pine Bench,Forma Casa,2365,Storage,Plastic Box,Mid-Range,102.16,204.73,0.501,2020-02-11,Active
101777,NVX-101777,Elegant Walnut Table,Atelier Home,2008,Bedroom,Wardrobe,Entry,172.15,269.54,0.3613,2022-03-10,Active
101778,NVX-101778,Urban Metal Wall Light,Forma Casa,2093,Storage,Shelf,Mid-Range,107.99,188.55,0.4273,2024-07-12,Active
101779,NVX-101779,Contemporary Ceramic Pendant Light,Oak & Stone,2185,Decoration,Wall Art,Premium,35.84,78.37,0.5427,2026-11-14,Active
101780,NVX-101780,Natural Walnut Chair,Forma Casa,2186,Kitchen,Dining Table,Premium,40.31,86.55,0.5343,2021-12-24,Active
101781,NVX-101781,Comfort Walnut Basket,Green Habitat,2038,Living Room,Corner Sofa,Mid-Range,721.25,1056.32,0.3172,2022-11-29,Active
101782,NVX-101782,Signature Velvet Desk,Lumina,2091,Garden,BBQ,Entry,91.5,182.82,0.4995,2021-09-22,Active
101783,NVX-101783,Classic Fabric BBQ,Linea Design,2309,Decoration,Wall Art,Entry,108.45,190.17,0.4297,2023-10-21,Active
101784,NVX-101784,Minimalist Walnut Bar Stool,Forma Casa,2348,Garden,Outdoor Chair,Premium,119.54,240.77,0.5035,2022-06-06,Active
101785,NVX-101785,Essential Glass Floor Lamp,Green Habitat,2297,Garden,Garden Storage,Mid-Range,81.18,141.96,0.4281,2023-07-04,Active
101786,NVX-101786,Minimalist Marble Mirror,Nordic Living,2001,Home Office,Bookcase,Entry,86.2,147.56,0.4158,2025-10-18,Active
101787,NVX-101787,Comfort Steel Pendant Light,HomeCraft,2191,Bathroom,Mirror,Premium,63.39,139.95,0.5471,2026-02-03,Active
101788,NVX-101788,Modern Rattan Kitchen Island,Novexa Essentials,2255,Kitchen,Kitchen Shelf,Mid-Range,35.48,78.17,0.5461,2020-03-03,Active
101789,NVX-101789,Compact Rattan Bookcase,Lumina,2198,Home Office,Bookcase,Premium,68.08,114.5,0.4054,2024-11-29,Active
101790,NVX-101790,Contemporary Bamboo TV Unit,Oak & Stone,2190,Home Office,Desk,Premium,71.26,151.18,0.5286,2020-10-30,Active
101791,NVX-101791,Nordic Bamboo Bar Stool,Forma Casa,2172,Lighting,Pendant Light,Mid-Range,64.76,149.62,0.5672,2026-03-09,Active
101792,NVX-101792,Urban Fabric Shelf,Nordic Living,2185,Kitchen,Kitchen Island,Entry,36.78,63.84,0.4239,2020-01-20,Active
101793,NVX-101793,Minimalist Metal Wall Light,Lumina,2011,Lighting,Wall Light,Premium,45.67,106.92,0.5729,2022-08-17,Active
101794,NVX-101794,Vintage Ceramic Shelf,Forma Casa,2006,Bedroom,Wardrobe,Mid-Range,232.11,406.45,0.4289,2020-10-10,Active
101795,NVX-101795,Minimalist Fabric Storage Cabinet,Atelier Home,2173,Living Room,TV Unit,Premium,805.16,1243.16,0.3523,2026-04-01,Active
101796,NVX-101796,Premium Glass Desk Lamp,Atelier Home,2168,Living Room,Sofa,Entry,931.61,1507.51,0.382,2021-11-13,Active
101797,NVX-101797,Natural Bamboo Nightstand,Linea Design,2087,Living Room,Rug,Mid-Range,566.48,890.56,0.3639,2022-10-19,Active
101798,NVX-101798,Elegant Velvet Armchair,Nordic Living,2301,Storage,Shelf,Mid-Range,77.94,136.26,0.428,2021-11-08,Active
101799,NVX-101799,Signature Glass Office Chair,Lumina,2238,Kitchen,Kitchen Shelf,Mid-Range,37.73,66.09,0.4291,2022-01-28,Active
101800,NVX-101800,Nordic Fabric Outdoor Chair,Lumina,2084,Living Room,TV Unit,Mid-Range,764.82,1155.75,0.3382,2022-04-23,Active
101801,NVX-101801,Classic Walnut Nightstand,HomeCraft,2384,Living Room,Corner Sofa,Entry,296.08,487.26,0.3924,2023-04-07,Active
101802,NVX-101802,Minimalist Oak TV Unit,Atelier Home,2055,Living Room,Sofa,Mid-Range,837.81,1348.23,0.3786,2022-09-17,Active
101803,NVX-101803,Elegant Velvet Pendant Light,HomeCraft,2169,Kitchen,Kitchen Cabinet,Mid-Range,43.18,75.97,0.4316,2020-04-04,Active
101804,NVX-101804,Minimalist Rattan Sideboard,Nordic Living,2201,Lighting,Table Lamp,Mid-Range,111.35,213.06,0.4774,2021-08-05,Active
101805,NVX-101805,Smart Ceramic Drawer,Atelier Home,2270,Home Office,Desk,Entry,63.28,137.25,0.5389,2025-05-05,Active
101806,NVX-101806,Compact Fabric Bar Stool,Nordic Living,2060,Bedroom,Dresser,Mid-Range,350.74,559.92,0.3736,2023-06-02,Active
101807,NVX-101807,Urban Steel TV Unit,Linea Design,2362,Bathroom,Vanity Unit,Mid-Range,61.19,103.79,0.4104,2020-06-24,Active
101808,NVX-101808,Premium Marble Lamp,Lumina,2131,Bedroom,Wardrobe,Entry,437.36,678.16,0.3551,2026-02-24,Active
101809,NVX-101809,Natural Walnut Wardrobe,Nordic Living,2393,Decoration,Mirror,Entry,82.14,148.95,0.4485,2025-04-16,Active
101810,NVX-101810,Premium Glass Desk Lamp,Oak & Stone,2140,Living Room,Coffee Table,Mid-Range,503.73,783.19,0.3568,2025-08-29,Active
101811,NVX-101811,Minimalist Bamboo Coffee Table,Green Habitat,2035,Living Room,Armchair,Entry,276.29,426.35,0.352,2022-08-22,Active
101812,NVX-101812,Nordic Bamboo Vanity Unit,Oak & Stone,2100,Kitchen,Bar Stool,Entry,45.91,79.65,0.4236,2020-03-06,Active
101813,NVX-101813,Premium Ceramic Cabinet,Oak & Stone,2143,Bedroom,Nightstand,Entry,402.97,623.4,0.3536,2024-08-11,Active
101814,NVX-101814,Elegant Walnut Wall Light,Nordic Living,2329,Bathroom,Vanity Unit,Entry,78.96,152.96,0.4838,2025-03-27,Active
101815,NVX-101815,Minimalist Steel Desk Lamp,Forma Casa,2164,Living Room,Rug,Mid-Range,308.98,508.73,0.3926,2020-10-18,Active
101816,NVX-101816,Minimalist Steel Cabinet,Oak & Stone,2384,Home Office,Filing Cabinet,Mid-Range,67.24,136.4,0.507,2023-07-20,Active
101817,NVX-101817,Premium Marble Drawer,Lumina,2188,Kitchen,Kitchen Cabinet,Mid-Range,22.34,42.04,0.4686,2025-10-25,Active
101818,NVX-101818,Essential Glass Bookcase,Nordic Living,2266,Lighting,Floor Lamp,Entry,45.76,83.44,0.4516,2023-11-15,Active
101819,NVX-101819,Urban Metal Armchair,Atelier Home,2231,Storage,Plastic Box,Entry,49.44,106.08,0.5339,2025-07-07,Active
101820,NVX-101820,Contemporary Bamboo Outdoor Chair,UrbanNest,2076,Lighting,Floor Lamp,Entry,65.5,133.44,0.5091,2023-03-26,Active
101821,NVX-101821,Minimalist Glass Cabinet,Atelier Home,2241,Garden,BBQ,Entry,42.33,83.74,0.4945,2021-12-17,Active
101822,NVX-101822,Elegant Glass Chest of Drawers,Novexa Essentials,2172,Storage,Metal Rack,Premium,65.48,143.02,0.5422,2022-03-02,Active
101823,NVX-101823,Vintage Steel Desk Lamp,HomeCraft,2367,Garden,BBQ,Mid-Range,107.77,238.87,0.5488,2026-09-28,Active
101824,NVX-101824,Elegant Steel Chest of Drawers,Atelier Home,2302,Decoration,Clock,Mid-Range,61.26,103.89,0.4103,2026-01-19,Active
101825,NVX-101825,Minimalist Ceramic Floor Lamp,UrbanNest,2038,Lighting,Wall Light,Entry,30.19,55.48,0.4558,2025-11-10,Active
101826,NVX-101826,Premium Marble Outdoor Table,Linea Design,2136,Decoration,Clock,Mid-Range,119.99,252.09,0.524,2025-10-20,Active
101827,NVX-101827,Elegant Steel Office Chair,Green Habitat,2061,Kitchen,Dining Chair,Mid-Range,63.37,119.26,0.4686,2023-09-25,Active
101828,NVX-101828,Compact Pine Floor Lamp,HomeCraft,2125,Garden,Planter,Premium,79.33,165.33,0.5202,2024-05-10,Discontinued
101829,NVX-101829,Compact Bamboo Outdoor Table,Linea Design,2163,Lighting,Pendant Light,Entry,66.66,129.71,0.4861,2022-04-10,Active
101830,NVX-101830,Smart Marble Cabinet,Green Habitat,2125,Living Room,Corner Sofa,Premium,527.06,817.74,0.3555,2022-02-23,Active
101831,NVX-101831,Smart Steel Storage Box,Lumina,2222,Living Room,Sideboard,Entry,832.47,1299.09,0.3592,2024-07-25,Active
101832,NVX-101832,Nordic Walnut Coffee Table,Linea Design,2395,Bathroom,Mirror,Premium,57.27,126.39,0.5469,2020-05-23,Active
101833,NVX-101833,Compact Pine Chest of Drawers,Atelier Home,2251,Bathroom,Tall Cabinet,Mid-Range,46.4,81.44,0.4303,2023-01-04,Active
101834,NVX-101834,Compact Walnut Cabinet,UrbanNest,2293,Garden,BBQ,Premium,96.99,167.79,0.422,2020-10-29,Active
101835,NVX-101835,Nordic Oak TV Unit,Oak & Stone,2397,Decoration,Mirror,Premium,115.1,217.59,0.471,2022-12-05,Active
101836,NVX-101836,Vintage Marble Chest of Drawers,Linea Design,2168,Storage,Cabinet,Mid-Range,160.45,290.33,0.4474,2023-03-05,Active
101837,NVX-101837,Premium Oak Chest of Drawers,UrbanNest,2195,Home Office,Bookcase,Premium,81.53,157.98,0.4839,2020-04-10,Active
101838,NVX-101838,Urban Ceramic Wardrobe,Nordic Living,2288,Kitchen,Bar Stool,Mid-Range,28.59,50.24,0.4309,2020-01-02,Active
101839,NVX-101839,Compact Bamboo TV Unit,Atelier Home,2388,Home Office,Office Chair,Mid-Range,45.78,77.52,0.4094,2025-05-21,Active
101840,NVX-101840,Urban Glass Drawer,Forma Casa,2158,Decoration,Clock,Premium,52.35,106.19,0.507,2022-01-20,Discontinued
101841,NVX-101841,Urban Steel Bed,Lumina,2150,Kitchen,Kitchen Cabinet,Mid-Range,43.81,75.29,0.4181,2021-07-22,Active
101842,NVX-101842,Modern Bamboo Bed,Atelier Home,2239,Lighting,Wall Light,Mid-Range,38.51,90.69,0.5754,2023-08-13,Active
101843,NVX-101843,Signature Metal Nightstand,Lumina,2351,Decoration,Cushion,Mid-Range,86.18,152.97,0.4366,2020-01-28,Active
101844,NVX-101844,Minimalist Glass Bookcase,Oak & Stone,2063,Storage,Basket,Mid-Range,142.54,316.11,0.5491,2021-09-15,Active
101845,NVX-101845,Modern Oak Storage Cabinet,Lumina,2266,Decoration,Wall Art,Mid-Range,61.07,114.03,0.4644,2026-01-10,Active
101846,NVX-101846,Contemporary Oak Kitchen Island,UrbanNest,2238,Storage,Metal Rack,Entry,128.93,240.4,0.4637,2025-07-12,Active
101847,NVX-101847,Contemporary Steel Armchair,Nordic Living,2372,Decoration,Wall Art,Mid-Range,74.88,145.21,0.4843,2026-07-03,Active
101848,NVX-101848,Premium Glass Storage Box,HomeCraft,2249,Bedroom,Wardrobe,Mid-Range,137.24,233.16,0.4114,2023-10-20,Active
101849,NVX-101849,Natural Marble Metal Rack,HomeCraft,2380,Kitchen,Kitchen Cabinet,Premium,45.74,85.49,0.465,2022-05-29,Active
101850,NVX-101850,Vintage Pine Dining Table,Forma Casa,2034,Garden,Sun Lounger,Mid-Range,111.34,197.64,0.4367,2026-03-11,Discontinued
101851,NVX-101851,Contemporary Bamboo Storage Cabinet,Oak & Stone,2053,Storage,Shelf,Mid-Range,125.38,231.85,0.4592,2021-09-15,Active
101852,NVX-101852,Elegant Oak Kitchen Island,Atelier Home,2025,Garden,Outdoor Chair,Entry,119.27,249.54,0.522,2023-10-17,Active
101853,NVX-101853,Comfort Velvet Sofa,Green Habitat,2061,Kitchen,Dining Table,Mid-Range,35.85,72.27,0.5039,2021-03-30,Active
101854,NVX-101854,Classic Oak Bed,Oak & Stone,2264,Kitchen,Kitchen Shelf,Premium,37.54,65.53,0.4271,2024-01-16,Active
101855,NVX-101855,Minimalist Ceramic Chest of Drawers,HomeCraft,2048,Storage,Basket,Premium,187.36,393.43,0.5238,2024-08-07,Active
101856,NVX-101856,Natural Rattan Wardrobe,Lumina,2370,Home Office,Desk,Entry,102.25,175.33,0.4168,2026-04-23,Active
101857,NVX-101857,Essential Velvet Pendant Light,Linea Design,2090,Kitchen,Kitchen Cabinet,Entry,57.52,110.56,0.4797,2021-04-14,Active
101858,NVX-101858,Urban Bamboo Sideboard,Oak & Stone,2057,Bathroom,Tall Cabinet,Entry,64.41,141.18,0.5438,2026-05-24,Active
101859,NVX-101859,Vintage Velvet Mirror,UrbanNest,2261,Kitchen,Kitchen Cabinet,Mid-Range,49.53,86.76,0.4291,2022-07-11,Active
101860,NVX-101860,Nordic Bamboo Storage Cabinet,Atelier Home,2142,Living Room,Armchair,Mid-Range,493.37,785.89,0.3722,2024-12-16,Active
101861,NVX-101861,Compact Rattan Desk,Novexa Essentials,2266,Kitchen,Kitchen Shelf,Premium,61.76,122.21,0.4946,2024-04-16,Active
101862,NVX-101862,Elegant Walnut Planter,Oak & Stone,2377,Bedroom,Chest of Drawers,Entry,328.11,591.66,0.4454,2025-10-05,Active
101863,NVX-101863,Essential Velvet Chair,Nordic Living,2156,Decoration,Wall Art,Entry,42.8,93.64,0.5429,2023-02-13,Active
101864,NVX-101864,Modern Velvet Lamp,Lumina,2136,Bedroom,Bed,Entry,168.54,269.83,0.3754,2023-05-22,Active
101865,NVX-101865,Urban Rattan Storage Cabinet,Green Habitat,2396,Living Room,Bookcase,Mid-Range,648.83,1030.31,0.3703,2024-07-09,Active
101866,NVX-101866,Vintage Bamboo Floor Lamp,Novexa Essentials,2022,Living Room,Coffee Table,Mid-Range,348.47,521.19,0.3314,2021-12-15,Active
101867,NVX-101867,Smart Fabric Shelf,Lumina,2366,Kitchen,Dining Table,Premium,21.02,45.09,0.5338,2025-12-10,Active
101868,NVX-101868,Vintage Oak Lamp,Atelier Home,2039,Storage,Shelf,Mid-Range,117.56,198.28,0.4071,2022-12-11,Active
101869,NVX-101869,Essential Oak Lamp,UrbanNest,2358,Bedroom,Wardrobe,Mid-Range,456.84,744.38,0.3863,2022-11-21,Active
101870,NVX-101870,Contemporary Bamboo Bookcase,Atelier Home,2156,Lighting,Pendant Light,Entry,83.21,191.76,0.5661,2023-09-20,Active
101871,NVX-101871,Minimalist Rattan Armchair,Oak & Stone,2318,Lighting,Pendant Light,Mid-Range,51.04,112.77,0.5474,2024-12-26,Active
101872,NVX-101872,Contemporary Glass Office Desk,Oak & Stone,2120,Kitchen,Kitchen Island,Mid-Range,73.26,158.61,0.5381,2023-05-29,Active
101873,NVX-101873,Comfort Metal Desk Lamp,Linea Design,2238,Living Room,TV Unit,Entry,472.72,732.49,0.3546,2022-10-07,Active
101874,NVX-101874,Essential Rattan Mirror,UrbanNest,2210,Bedroom,Dresser,Mid-Range,328.48,552.14,0.4051,2025-05-08,Discontinued
101875,NVX-101875,Minimalist Steel Chest of Drawers,Nordic Living,2064,Living Room,TV Unit,Entry,894.64,1561.29,0.427,2020-10-09,Active
101876,NVX-101876,Comfort Bamboo TV Unit,Oak & Stone,2242,Kitchen,Dining Chair,Entry,22.22,40.1,0.4459,2026-08-06,Active
101877,NVX-101877,Minimalist Metal Cabinet,Novexa Essentials,2296,Home Office,Office Chair,Mid-Range,94.35,180.43,0.4771,2025-06-24,Active
101878,NVX-101878,Comfort Fabric Sideboard,Lumina,2224,Garden,Outdoor Table,Premium,81.13,179.76,0.5487,2023-12-27,Active
101879,NVX-101879,Natural Glass Shelf,UrbanNest,2148,Bathroom,Tall Cabinet,Premium,41.0,71.36,0.4254,2020-01-27,Active
101880,NVX-101880,Contemporary Marble Kitchen Island,Nordic Living,2371,Garden,Outdoor Table,Mid-Range,50.69,100.22,0.4942,2024-09-18,Active
101881,NVX-101881,Natural Pine Mirror,Novexa Essentials,2363,Garden,Outdoor Chair,Mid-Range,69.75,120.44,0.4209,2026-05-25,Active
101882,NVX-101882,Smart Marble Bookcase,Forma Casa,2398,Garden,Garden Storage,Entry,63.73,112.74,0.4347,2020-03-17,Active
101883,NVX-101883,Contemporary Rattan Chair,Nordic Living,2127,Lighting,Desk Lamp,Mid-Range,80.23,155.03,0.4825,2023-01-01,Active
101884,NVX-101884,Nordic Metal Pendant Light,Green Habitat,2300,Storage,Shelf,Mid-Range,130.1,227.67,0.4286,2026-05-01,Active
101885,NVX-101885,Nordic Steel Sofa,Atelier Home,2245,Decoration,Mirror,Entry,57.1,107.6,0.4693,2025-05-11,Discontinued
101886,NVX-101886,Contemporary Steel Desk,Linea Design,2386,Decoration,Wall Art,Mid-Range,50.67,86.88,0.4168,2024-08-27,Active
101887,NVX-101887,Nordic Ceramic Sofa,Forma Casa,2366,Bedroom,Chest of Drawers,Premium,286.92,514.5,0.4423,2021-09-15,Active
101888,NVX-101888,Modern Marble Desk,Forma Casa,2187,Garden,Planter,Mid-Range,33.92,58.92,0.4243,2020-05-31,Active
101889,NVX-101889,Essential Fabric Coffee Table,Green Habitat,2060,Home Office,Desk,Entry,42.42,87.4,0.5146,2026-09-05,Active
101890,NVX-101890,Classic Marble Bench,Linea Design,2101,Garden,Garden Storage,Entry,89.91,157.0,0.4273,2024-09-04,Active
101891,NVX-101891,Essential Oak Mirror,Novexa Essentials,2151,Living Room,Corner Sofa,Entry,707.82,1078.74,0.3438,2023-10-24,Active
101892,NVX-101892,Modern Oak Office Desk,Forma Casa,2133,Living Room,TV Unit,Mid-Range,460.79,659.9,0.3017,2022-02-25,Active
101893,NVX-101893,Urban Ceramic Wall Light,Atelier Home,2118,Living Room,Sofa,Mid-Range,841.1,1420.37,0.4078,2025-10-01,Active
101894,NVX-101894,Minimalist Walnut Pendant Light,Oak & Stone,2387,Kitchen,Kitchen Cabinet,Mid-Range,25.36,46.57,0.4554,2025-07-30,Active
101895,NVX-101895,Minimalist Bamboo Metal Rack,Linea Design,2158,Kitchen,Dining Chair,Mid-Range,49.82,88.27,0.4356,2024-11-28,Active
101896,NVX-101896,Essential Pine Storage Cabinet,Nordic Living,2198,Kitchen,Dining Table,Premium,39.18,74.61,0.4749,2025-10-10,Active
101897,NVX-101897,Essential Oak Bookcase,HomeCraft,2249,Bedroom,Chest of Drawers,Entry,283.84,463.61,0.3878,2021-10-10,Active
101898,NVX-101898,Signature Rattan Vanity Unit,Linea Design,2067,Home Office,Office Chair,Entry,56.79,98.74,0.4249,2024-05-15,Active
101899,NVX-101899,Contemporary Marble Sideboard,Linea Design,2217,Living Room,Bookcase,Entry,605.48,902.44,0.3291,2025-04-17,Active
101900,NVX-101900,Nordic Ceramic Coffee Table,Novexa Essentials,2251,Home Office,Filing Cabinet,Premium,99.59,187.8,0.4697,2024-02-22,Active
101901,NVX-101901,Nordic Oak Nightstand,Forma Casa,2005,Living Room,Coffee Table,Entry,570.09,842.88,0.3236,2026-02-18,Active
101902,NVX-101902,Essential Steel Storage Box,Forma Casa,2083,Bedroom,Dresser,Premium,461.92,752.74,0.3863,2024-08-21,Active
101903,NVX-101903,Classic Rattan Sofa,Lumina,2063,Home Office,Filing Cabinet,Mid-Range,78.4,158.02,0.5039,2022-09-16,Active
101904,NVX-101904,Modern Walnut Storage Cabinet,HomeCraft,2380,Decoration,Mirror,Mid-Range,48.28,104.94,0.5399,2020-07-01,Active
101905,NVX-101905,Compact Pine Wall Light,Forma Casa,2323,Decoration,Mirror,Entry,60.2,123.11,0.511,2024-11-29,Active
101906,NVX-101906,Comfort Rattan Bench,HomeCraft,2078,Decoration,Clock,Mid-Range,48.86,86.17,0.433,2020-07-11,Active
101907,NVX-101907,Premium Fabric Chair,Forma Casa,2085,Bedroom,Dresser,Mid-Range,327.61,543.71,0.3975,2023-07-16,Active
101908,NVX-101908,Contemporary Oak Coffee Table,HomeCraft,2047,Kitchen,Dining Table,Entry,63.59,124.25,0.4882,2020-09-29,Active
101909,NVX-101909,Comfort Pine Table,Oak & Stone,2319,Living Room,TV Unit,Entry,734.76,1121.5,0.3448,2024-02-02,Active
101910,NVX-101910,Nordic Rattan Nightstand,Atelier Home,2306,Kitchen,Kitchen Island,Premium,35.21,77.53,0.5459,2025-04-01,Discontinued
101911,NVX-101911,Modern Steel Lamp,Green Habitat,2304,Storage,Shelf,Entry,59.27,118.49,0.4998,2025-03-30,Active
101912,NVX-101912,Signature Ceramic Office Chair,Green Habitat,2108,Storage,Cabinet,Mid-Range,79.48,134.97,0.4111,2022-08-07,Active
101913,NVX-101913,Signature Steel Office Chair,Novexa Essentials,2340,Bedroom,Wardrobe,Entry,398.73,677.62,0.4116,2025-01-25,Active
101914,NVX-101914,Contemporary Velvet Bookcase,Atelier Home,2308,Bathroom,Storage Cabinet,Mid-Range,84.7,178.42,0.5253,2022-10-16,Active
101915,NVX-101915,Signature Walnut Armchair,Green Habitat,2035,Living Room,Bookcase,Mid-Range,586.34,884.32,0.337,2024-09-08,Active
101916,NVX-101916,Minimalist Marble Drawer,HomeCraft,2390,Garden,Planter,Mid-Range,101.96,191.97,0.4689,2024-07-21,Active
101917,NVX-101917,Contemporary Marble Sofa,Lumina,2372,Garden,Planter,Mid-Range,96.94,206.76,0.5311,2021-06-09,Discontinued
101918,NVX-101918,Classic Glass Mirror,Green Habitat,2393,Bedroom,Dresser,Entry,480.76,866.95,0.4455,2024-01-03,Active
101919,NVX-101919,Urban Walnut Drawer,HomeCraft,2299,Kitchen,Kitchen Shelf,Entry,51.07,98.32,0.4806,2020-01-11,Active
101920,NVX-101920,Urban Pine Chest of Drawers,Nordic Living,2249,Bathroom,Vanity Unit,Mid-Range,43.58,88.41,0.5071,2025-03-07,Active
101921,NVX-101921,Contemporary Velvet Coffee Table,Forma Casa,2388,Decoration,Clock,Mid-Range,80.31,172.73,0.5351,2023-10-12,Active
101922,NVX-101922,Compact Rattan Dining Table,Green Habitat,2046,Lighting,Floor Lamp,Entry,61.43,120.42,0.4899,2020-05-27,Active
101923,NVX-101923,Natural Bamboo Outdoor Chair,HomeCraft,2233,Bathroom,Tall Cabinet,Mid-Range,52.69,95.23,0.4467,2026-03-16,Discontinued
101924,NVX-101924,Signature Ceramic TV Unit,UrbanNest,2015,Decoration,Vase,Mid-Range,59.98,106.27,0.4356,2025-02-22,Active
101925,NVX-101925,Nordic Oak Kitchen Island,Linea Design,2393,Kitchen,Dining Table,Entry,46.43,91.45,0.4923,2022-04-08,Active
101926,NVX-101926,Contemporary Velvet Storage Cabinet,HomeCraft,2100,Living Room,TV Unit,Entry,333.99,552.23,0.3952,2025-04-27,Active
101927,NVX-101927,Comfort Marble Outdoor Chair,Atelier Home,2065,Lighting,Wall Light,Mid-Range,58.65,107.66,0.4552,2025-09-30,Active
101928,NVX-101928,Nordic Bamboo Coffee Table,Green Habitat,2306,Storage,Plastic Box,Premium,212.82,360.79,0.4101,2025-09-16,Active
101929,NVX-101929,Contemporary Marble Wardrobe,Lumina,2265,Kitchen,Bar Stool,Mid-Range,37.0,79.54,0.5348,2026-12-21,Active
101930,NVX-101930,Contemporary Walnut Storage Box,Nordic Living,2151,Home Office,Office Chair,Entry,65.46,123.58,0.4703,2020-11-17,Active
101931,NVX-101931,Contemporary Oak Shelf,Nordic Living,2065,Storage,Plastic Box,Entry,118.43,222.11,0.4668,2024-11-29,Active
101932,NVX-101932,Nordic Bamboo TV Unit,Linea Design,2342,Living Room,TV Unit,Entry,392.72,585.22,0.3289,2021-10-17,Active
101933,NVX-101933,Compact Rattan Shelf,Atelier Home,2251,Living Room,Sideboard,Mid-Range,477.7,832.33,0.4261,2020-07-26,Active
101934,NVX-101934,Contemporary Walnut Vanity Unit,Forma Casa,2002,Lighting,Table Lamp,Entry,88.82,185.84,0.5221,2024-11-23,Active
101935,NVX-101935,Minimalist Bamboo Kitchen Island,Linea Design,2343,Garden,BBQ,Entry,95.22,206.02,0.5378,2025-02-20,Active
101936,NVX-101936,Vintage Glass Lamp,UrbanNest,2149,Lighting,Floor Lamp,Entry,88.31,179.5,0.508,2024-07-17,Active
101937,NVX-101937,Urban Steel Cabinet,Linea Design,2045,Kitchen,Bar Stool,Mid-Range,26.6,46.81,0.4317,2022-10-05,Active
101938,NVX-101938,Premium Pine Storage Cabinet,Oak & Stone,2121,Storage,Cabinet,Premium,107.16,225.3,0.5244,2020-06-30,Active
101939,NVX-101939,Comfort Marble Outdoor Table,Oak & Stone,2209,Living Room,Rug,Mid-Range,451.84,742.78,0.3917,2022-08-15,Active
101940,NVX-101940,Vintage Pine Metal Rack,Nordic Living,2282,Kitchen,Dining Chair,Premium,23.42,47.99,0.512,2024-02-25,Discontinued
101941,NVX-101941,Elegant Fabric Wardrobe,Linea Design,2106,Garden,BBQ,Mid-Range,106.4,189.55,0.4387,2023-02-18,Active
101942,NVX-101942,Essential Fabric Wardrobe,UrbanNest,2277,Garden,BBQ,Mid-Range,119.76,245.55,0.5123,2025-01-07,Active
101943,NVX-101943,Compact Pine Metal Rack,Nordic Living,2084,Living Room,Armchair,Mid-Range,425.88,683.16,0.3766,2026-09-11,Active
101944,NVX-101944,Essential Steel TV Unit,Atelier Home,2177,Bedroom,Bed,Mid-Range,277.34,447.37,0.3801,2024-08-01,Active
101945,NVX-101945,Urban Bamboo Pendant Light,Lumina,2076,Decoration,Vase,Premium,121.43,215.07,0.4354,2020-02-14,Active
101946,NVX-101946,Compact Glass Wardrobe,Oak & Stone,2112,Storage,Cabinet,Entry,66.81,143.89,0.5357,2026-06-30,Discontinued
101947,NVX-101947,Signature Marble Metal Rack,Nordic Living,2067,Home Office,Desk,Entry,69.48,128.69,0.4601,2021-04-15,Active
101948,NVX-101948,Elegant Bamboo Cabinet,Forma Casa,2327,Decoration,Cushion,Entry,50.84,110.06,0.5381,2024-11-16,Active
101949,NVX-101949,Signature Fabric Floor Lamp,Green Habitat,2215,Kitchen,Kitchen Cabinet,Mid-Range,41.11,83.57,0.5081,2020-10-19,Active
101950,NVX-101950,Essential Velvet Bench,Atelier Home,2002,Living Room,Bookcase,Mid-Range,291.69,438.37,0.3346,2022-02-27,Active
101951,NVX-101951,Comfort Pine Dining Table,Oak & Stone,2367,Storage,Shelf,Entry,192.45,369.58,0.4793,2026-11-02,Active
101952,NVX-101952,Signature Glass Table,HomeCraft,2393,Kitchen,Bar Stool,Entry,33.3,59.1,0.4365,2025-06-18,Active
101953,NVX-101953,Comfort Bamboo Pendant Light,Novexa Essentials,2026,Bathroom,Vanity Unit,Entry,65.66,129.66,0.4936,2020-11-20,Active
101954,NVX-101954,Vintage Oak Armchair,Green Habitat,2389,Bedroom,Dresser,Premium,172.39,266.58,0.3533,2020-02-16,Active
101955,NVX-101955,Contemporary Steel Wardrobe,HomeCraft,2127,Living Room,TV Unit,Entry,432.46,685.19,0.3688,2024-09-28,Discontinued
101956,NVX-101956,Elegant Marble BBQ,Linea Design,2186,Storage,Basket,Premium,109.91,225.84,0.5133,2025-09-15,Active
101957,NVX-101957,Nordic Glass Kitchen Island,Forma Casa,2002,Living Room,Sideboard,Mid-Range,277.43,434.38,0.3613,2024-07-05,Active
101958,NVX-101958,Contemporary Metal Office Chair,Nordic Living,2014,Bathroom,Storage Cabinet,Mid-Range,96.69,195.01,0.5042,2020-12-09,Active
101959,NVX-101959,Urban Steel Pendant Light,Oak & Stone,2322,Garden,Outdoor Chair,Entry,128.26,227.21,0.4355,2026-07-19,Active
101960,NVX-101960,Elegant Ceramic Coffee Table,Green Habitat,2383,Living Room,Sideboard,Mid-Range,407.43,596.58,0.3171,2021-04-28,Active
101961,NVX-101961,Comfort Rattan Pendant Light,Nordic Living,2322,Bathroom,Vanity Unit,Mid-Range,53.85,107.41,0.4987,2025-09-05,Discontinued
101962,NVX-101962,Urban Velvet Wall Light,Green Habitat,2365,Kitchen,Kitchen Island,Premium,33.32,59.63,0.4412,2023-04-15,Active
101963,NVX-101963,Contemporary Steel Metal Rack,Atelier Home,2093,Lighting,Wall Light,Entry,84.11,173.25,0.5145,2024-10-26,Active
101964,NVX-101964,Premium Fabric Mirror,UrbanNest,2147,Decoration,Cushion,Premium,58.33,110.13,0.4704,2026-03-30,Active
101965,NVX-101965,Signature Pine Vanity Unit,Atelier Home,2184,Bathroom,Tall Cabinet,Premium,99.52,197.67,0.4965,2020-02-02,Active
101966,NVX-101966,Contemporary Glass Drawer,Lumina,2106,Bathroom,Tall Cabinet,Mid-Range,63.27,116.56,0.4572,2023-01-25,Active
101967,NVX-101967,Nordic Velvet Bookcase,Oak & Stone,2347,Lighting,Table Lamp,Premium,62.38,132.66,0.5298,2024-08-31,Active
101968,NVX-101968,Essential Steel Coffee Table,Oak & Stone,2352,Kitchen,Kitchen Shelf,Entry,36.64,71.82,0.4898,2026-01-25,Active
101969,NVX-101969,Urban Fabric Metal Rack,Lumina,2206,Kitchen,Kitchen Shelf,Premium,41.27,76.6,0.4612,2021-04-08,Active
101970,NVX-101970,Contemporary Metal Floor Lamp,Forma Casa,2302,Lighting,Floor Lamp,Mid-Range,33.87,63.05,0.4628,2024-05-24,Active
101971,NVX-101971,Smart Rattan Shelf,UrbanNest,2280,Garden,Sun Lounger,Mid-Range,103.3,189.75,0.4556,2023-11-25,Active
101972,NVX-101972,Essential Marble Storage Cabinet,Oak & Stone,2392,Lighting,Floor Lamp,Entry,36.88,71.36,0.4832,2024-10-19,Active
101973,NVX-101973,Signature Steel Bar Stool,Nordic Living,2283,Living Room,TV Unit,Entry,440.05,789.75,0.4428,2020-10-07,Active
101974,NVX-101974,Vintage Velvet Mirror,Nordic Living,2311,Garden,Outdoor Chair,Premium,56.05,99.31,0.4356,2025-12-24,Active
101975,NVX-101975,Contemporary Glass Cabinet,Linea Design,2257,Lighting,Desk Lamp,Mid-Range,87.65,218.49,0.5988,2022-08-07,Active
101976,NVX-101976,Essential Steel Metal Rack,HomeCraft,2381,Living Room,TV Unit,Mid-Range,716.34,1241.29,0.4229,2026-01-20,Active
101977,NVX-101977,Smart Metal Chest of Drawers,Linea Design,2115,Kitchen,Kitchen Cabinet,Entry,22.91,43.76,0.4765,2023-06-14,Active
101978,NVX-101978,Natural Velvet Pendant Light,Linea Design,2010,Bathroom,Vanity Unit,Entry,28.13,48.0,0.414,2020-07-15,Active
101979,NVX-101979,Vintage Oak Sofa,Lumina,2269,Decoration,Cushion,Mid-Range,76.13,134.15,0.4325,2020-01-14,Active
101980,NVX-101980,Essential Oak Floor Lamp,Linea Design,2345,Bathroom,Mirror,Entry,40.85,79.06,0.4833,2020-06-12,Active
101981,NVX-101981,Classic Bamboo Chair,UrbanNest,2160,Garden,Planter,Mid-Range,80.68,150.94,0.4655,2020-03-17,Active
101982,NVX-101982,Comfort Bamboo Coffee Table,Atelier Home,2089,Storage,Plastic Box,Entry,95.99,209.04,0.5408,2021-05-17,Active
101983,NVX-101983,Premium Pine Office Desk,Linea Design,2198,Living Room,Sideboard,Mid-Range,261.63,472.12,0.4458,2023-10-04,Active
101984,NVX-101984,Classic Pine Metal Rack,UrbanNest,2357,Lighting,Wall Light,Entry,41.5,85.44,0.5143,2026-04-27,Active
101985,NVX-101985,Elegant Walnut Kitchen Island,UrbanNest,2034,Decoration,Cushion,Entry,75.93,156.64,0.5153,2025-08-10,Active
101986,NVX-101986,Modern Walnut Storage Box,Oak & Stone,2092,Living Room,Armchair,Premium,657.09,1057.16,0.3784,2021-10-31,Active
101987,NVX-101987,Signature Rattan Vanity Unit,UrbanNest,2396,Living Room,Sideboard,Entry,865.23,1448.23,0.4026,2025-10-18,Active
101988,NVX-101988,Modern Steel Shelf,Atelier Home,2192,Living Room,Bookcase,Mid-Range,238.63,408.58,0.416,2023-09-29,Active
101989,NVX-101989,Smart Fabric Shelf,Forma Casa,2324,Storage,Metal Rack,Mid-Range,101.88,173.56,0.413,2026-01-21,Active
101990,NVX-101990,Classic Steel Sideboard,Forma Casa,2032,Home Office,Desk,Mid-Range,48.83,91.01,0.4635,2024-06-01,Active
101991,NVX-101991,Signature Fabric Drawer,Nordic Living,2111,Kitchen,Bar Stool,Mid-Range,60.16,124.75,0.5178,2020-11-14,Active
101992,NVX-101992,Contemporary Ceramic Pendant Light,Forma Casa,2165,Living Room,Rug,Entry,453.76,806.91,0.4377,2025-08-13,Active
101993,NVX-101993,Modern Pine Storage Cabinet,Forma Casa,2186,Bedroom,Bed,Mid-Range,129.87,207.83,0.3751,2024-05-18,Active
101994,NVX-101994,Urban Rattan Lamp,Nordic Living,2366,Bedroom,Chest of Drawers,Mid-Range,161.34,284.59,0.4331,2023-12-31,Active
101995,NVX-101995,Contemporary Bamboo Metal Rack,Oak & Stone,2371,Kitchen,Dining Chair,Mid-Range,66.43,122.12,0.456,2025-12-17,Active
101996,NVX-101996,Minimalist Glass Lamp,HomeCraft,2281,Kitchen,Kitchen Island,Premium,45.32,81.28,0.4424,2020-03-14,Active
101997,NVX-101997,Smart Walnut Bed,Oak & Stone,2094,Lighting,Desk Lamp,Entry,38.56,83.18,0.5364,2024-09-25,Discontinued
101998,NVX-101998,Essential Bamboo BBQ,Forma Casa,2344,Storage,Metal Rack,Premium,131.91,286.95,0.5403,2023-08-14,Active
101999,NVX-101999,Minimalist Velvet Sideboard,Atelier Home,2023,Kitchen,Kitchen Cabinet,Mid-Range,22.32,44.77,0.5015,2026-11-17,Active
102000,NVX-102000,Minimalist Ceramic Pendant Light,HomeCraft,2250,Kitchen,Bar Stool,Mid-Range,57.68,114.01,0.4941,2026-03-28,Active
